Workbook
Name _xleta_N: none
Name _xleta_N: none
Name _xleta_ROUNDUP: none
Name _xleta_ROUNDUP: none
Name _xleta_TEXT: none
Name _xleta_TEXT: none
Name _xlfn_SINGLE: none
Name _xlfn_SINGLE: none
Name _xlfn_XLOOKUP: none
Name _xlfn_XLOOKUP: none
Name Fluxo: LAMPADAS!$A$3:$D$14
Name Fluxo_Lampadas: LAMPADAS!$A$3:$D$14

Sheet AMBIENTES
C1: ESTUDO DE CARGAS — LUMINOTECNICO
A2: GUID | B2: ID | C2: AMBIENTE | D2: ATIVIDADE NBR | E2: AREA | F2: PERIMETRO | G2: COMPRIMENTO | H2: LARGURA | I2: ALTURA LUMINARIA | J2: ILUMINANCIA | K2: INDICE DO LOCAL | L2: LUMINARIA | M2: FLUXO LUMINOSO | N2: FU | O2: FM | P2: N CALC | Q2: N ADOTADO | R2: POTENCIA | S2: CARGA ILUM | T2: ANALISE LUX | U2: ANALISE LUMINARIAS | V2: LUX REAL
D3: 8995-1 / 5413 | E3: m2 | F3: m | G3: m | H3: m | I3: m | J3: lux (NBR) | K3: K | L3: selecione | M3: lm | N3: fat. utilizacao | O3: fat. manutencao | P3: luminarias | Q3: luminarias | R3: W/lum | S3: W | T3: OK/INSUF/ACIMA | U3: ajuste | V3: lux adotado | W3: LUX IDEAL | X3: LUX MAX | Y3: LUX MINIMO
E4: =IF(G4*H4=0,"",ROUND(G4*H4,2)) | J4: =IFERROR(VLOOKUP(D4,NBR!$C:$E,3,0),"") | K4: =IF(AND(E4<>"",F4<>"",I4<>"", F4<>0, I4<>0), E4/(F4/2*I4), "") | M4: =IFERROR(VLOOKUP(L4,#REF!,2,0),"") | P4: =IF(AND(E4<>"",J4<>"",M4<>"",N4<>"",O4<>"",N4<>0,O4<>0), ROUNDUP((E4*J4)/(M4*N4*O4),0), "") | R4: =IFERROR(VLOOKUP(L4,#REF!,4,0),"")
J5: =IFERROR(VLOOKUP(D5,NBR!$C:$E,3,0),"") | K5: =IF(E5*F5*I5=0,"",(4*E5)/((F5)*I5)) | M5: =IFERROR(VLOOKUP(L5,LAMPADAS!$A:$B,2,0),"") | P5: =IF(AND(E5<>"",J5<>"",M5<>"",N5<>"",O5<>"",N5<>0,O5<>0), ROUNDUP((E5*J5)/(M5*N5*O5),0), "") | R5: =IFERROR(VLOOKUP(L5,LAMPADAS!$A:$D,4,0),"") | S5: =IF(AND(Q5<>"",R5<>""),Q5*R5,"") | T5: =IF(AND(E5<>"",J5<>"",Q5<>"",M5<>"",N5<>"",O5<>""),IF(E5*J5=0,"—",IF((Q5*M5*N5*O5)/E5<J5*0.9,"INSUFICIENTE -"&TEXT(ABS(((Q5*M5*N5*O5)/E5-J5)/J5)*100,"0")&"%",IF((Q5*M5*N5*O5)/E5>J5*1.31,"ACIMA +"&TEXT((((Q5*M5*N5*O5)/E5-J5)/J5)*100,"0")&"%","OK "&IF((Q5*M5*N5*O5)/E5>=J5,"+","")&TEXT((((Q5*M5*N5*O5)/E5-J5)/J5)*100,"0")&"%"))),"") | U5: =IF(E5*J5*M5=0,"",IF((Q5*M5*N5*O5)/E5<IF(IFERROR(VLOOKUP(D5,NBR!$C:$D,2,0),J5)=IFERROR(VLOOKUP(D5,NBR!$C:$F,4,0),J5),J5*0.9,IFERROR(VLOOKUP(D5,NBR!$C:$D,2,0),J5*0.9)),"COLOCAR +"&TEXT(ROUNDUP((E5*J5)/(M5*N5*O5),0)-Q5,"0")&" luminaria(s)",IF((Q5*M5*N5*O5)/E5>IF(IFERROR(VLOOKUP(D5,NBR!$C:$F,4,0),J5)=IFERROR(VLOOKUP(D5,NBR!$C:$D,2,0),J5),J5*1.2,IFERROR(VLOOKUP(D5,NBR!$C:$F,4,0),J5*1.2)),IF(Q5=1,"Reduzir potencia luminaria","RETIRAR -"&TEXT(Q5-ROUNDUP((E5*IF(IFERROR(VLOOKUP(D5,NBR!$C:$F,4,0),J5)=J5,J5*1.2,IFERROR(VLOOKUP(D5,NBR!$C:$F,4,0),J5*1.2)))/(M5*N5*O5),0),"0")&" luminaria(s)"),"OK"))) -> #VALUE! | V5: =IF(E5*M5=0,"",ROUND((Q5*M5*N5*O5)/E5,0)) -> #VALUE! | W5: =IFERROR(VLOOKUP(D5,NBR!$C:$F,3,0),"") | X5: =IFERROR(VLOOKUP(D5,NBR!$C:$F,4,0),"") | Y5: =IFERROR(VLOOKUP(D5,NBR!$C:$F,2,0),"")
J6: =IFERROR(VLOOKUP(D6,NBR!$C:$E,3,0),"") | K6: =IF(E6*F6*I6=0,"",(4*E6)/((F6)*I6)) | M6: =IFERROR(VLOOKUP(L6,LAMPADAS!$A:$B,2,0),"") | P6: =IF(AND(E6<>"",J6<>"",M6<>"",N6<>"",O6<>"",N6<>0,O6<>0), ROUNDUP((E6*J6)/(M6*N6*O6),0), "") | R6: =IFERROR(VLOOKUP(L6,LAMPADAS!$A:$D,4,0),"") | S6: =IF(AND(Q6<>"",R6<>""),Q6*R6,"") | T6: =IF(E6*J6=0,"—",IF((Q6*M6*N6*O6)/E6<J6*0.9,"INSUFICIENTE -"&TEXT(ABS(((Q6*M6*N6*O6)/E6-J6)/J6)*100,"0")&"%",IF((Q6*M6*N6*O6)/E6>J6*1.31,"ACIMA +"&TEXT((((Q6*M6*N6*O6)/E6-J6)/J6)*100,"0")&"%","OK "&IF((Q6*M6*N6*O6)/E6>=J6,"+","")&TEXT((((Q6*M6*N6*O6)/E6-J6)/J6)*100,"0")&"%"))) -> #VALUE! | U6: =IF(E6*J6*M6=0,"",IF((Q6*M6*N6*O6)/E6<IF(IFERROR(VLOOKUP(D6,NBR!$C:$D,2,0),J6)=IFERROR(VLOOKUP(D6,NBR!$C:$F,4,0),J6),J6*0.9,IFERROR(VLOOKUP(D6,NBR!$C:$D,2,0),J6*0.9)),"COLOCAR +"&TEXT(ROUNDUP((E6*J6)/(M6*N6*O6),0)-Q6,"0")&" luminaria(s)",IF((Q6*M6*N6*O6)/E6>IF(IFERROR(VLOOKUP(D6,NBR!$C:$F,4,0),J6)=IFERROR(VLOOKUP(D6,NBR!$C:$D,2,0),J6),J6*1.2,IFERROR(VLOOKUP(D6,NBR!$C:$F,4,0),J6*1.2)),IF(Q6=1,"Reduzir potencia luminaria","RETIRAR -"&TEXT(Q6-ROUNDUP((E6*IF(IFERROR(VLOOKUP(D6,NBR!$C:$F,4,0),J6)=J6,J6*1.2,IFERROR(VLOOKUP(D6,NBR!$C:$F,4,0),J6*1.2)))/(M6*N6*O6),0),"0")&" luminaria(s)"),"OK"))) -> #VALUE! | V6: =IF(E6*M6=0,"",ROUND((Q6*M6*N6*O6)/E6,0)) -> #VALUE! | W6: =IFERROR(VLOOKUP(D6,NBR!$C:$F,3,0),"") | X6: =IFERROR(VLOOKUP(D6,NBR!$C:$F,4,0),"") | Y6: =IFERROR(VLOOKUP(D6,NBR!$C:$F,2,0),"")
J7: =IFERROR(VLOOKUP(D7,NBR!$C:$E,3,0),"") | K7: =IF(E7*F7*I7=0,"",(4*E7)/((F7)*I7)) | M7: =IFERROR(VLOOKUP(L7,LAMPADAS!$A:$B,2,0),"") | P7: =IF(AND(E7<>"",J7<>"",M7<>"",N7<>"",O7<>"",N7<>0,O7<>0), ROUNDUP((E7*J7)/(M7*N7*O7),0), "") | R7: =IFERROR(VLOOKUP(L7,LAMPADAS!$A:$D,4,0),"") | S7: =IF(AND(Q7<>"",R7<>""),Q7*R7,"") | T7: =IF(E7*J7=0,"—",IF((Q7*M7*N7*O7)/E7<J7*0.9,"INSUFICIENTE -"&TEXT(ABS(((Q7*M7*N7*O7)/E7-J7)/J7)*100,"0")&"%",IF((Q7*M7*N7*O7)/E7>J7*1.31,"ACIMA +"&TEXT((((Q7*M7*N7*O7)/E7-J7)/J7)*100,"0")&"%","OK "&IF((Q7*M7*N7*O7)/E7>=J7,"+","")&TEXT((((Q7*M7*N7*O7)/E7-J7)/J7)*100,"0")&"%"))) -> #VALUE! | U7: =IF(E7*J7*M7=0,"",IF((Q7*M7*N7*O7)/E7<IF(IFERROR(VLOOKUP(D7,NBR!$C:$D,2,0),J7)=IFERROR(VLOOKUP(D7,NBR!$C:$F,4,0),J7),J7*0.9,IFERROR(VLOOKUP(D7,NBR!$C:$D,2,0),J7*0.9)),"COLOCAR +"&TEXT(ROUNDUP((E7*J7)/(M7*N7*O7),0)-Q7,"0")&" luminaria(s)",IF((Q7*M7*N7*O7)/E7>IF(IFERROR(VLOOKUP(D7,NBR!$C:$F,4,0),J7)=IFERROR(VLOOKUP(D7,NBR!$C:$D,2,0),J7),J7*1.2,IFERROR(VLOOKUP(D7,NBR!$C:$F,4,0),J7*1.2)),IF(Q7=1,"Reduzir potencia luminaria","RETIRAR -"&TEXT(Q7-ROUNDUP((E7*IF(IFERROR(VLOOKUP(D7,NBR!$C:$F,4,0),J7)=J7,J7*1.2,IFERROR(VLOOKUP(D7,NBR!$C:$F,4,0),J7*1.2)))/(M7*N7*O7),0),"0")&" luminaria(s)"),"OK"))) -> #VALUE! | V7: =IF(E7*M7=0,"",ROUND((Q7*M7*N7*O7)/E7,0)) -> #VALUE! | W7: =IFERROR(VLOOKUP(D7,NBR!$C:$F,3,0),"") | X7: =IFERROR(VLOOKUP(D7,NBR!$C:$F,4,0),"") | Y7: =IFERROR(VLOOKUP(D7,NBR!$C:$F,2,0),"")
J8: =IFERROR(VLOOKUP(D8,NBR!$C:$E,3,0),"") | K8: =IF(E8*F8*I8=0,"",(4*E8)/((F8)*I8)) | M8: =IFERROR(VLOOKUP(L8,LAMPADAS!$A:$B,2,0),"") | P8: =IF(AND(E8<>"",J8<>"",M8<>"",N8<>"",O8<>"",N8<>0,O8<>0), ROUNDUP((E8*J8)/(M8*N8*O8),0), "") | R8: =IFERROR(VLOOKUP(L8,LAMPADAS!$A:$D,4,0),"") | S8: =IF(AND(Q8<>"",R8<>""),Q8*R8,"") | T8: =IF(E8*J8=0,"—",IF((Q8*M8*N8*O8)/E8<J8*0.9,"INSUFICIENTE -"&TEXT(ABS(((Q8*M8*N8*O8)/E8-J8)/J8)*100,"0")&"%",IF((Q8*M8*N8*O8)/E8>J8*1.31,"ACIMA +"&TEXT((((Q8*M8*N8*O8)/E8-J8)/J8)*100,"0")&"%","OK "&IF((Q8*M8*N8*O8)/E8>=J8,"+","")&TEXT((((Q8*M8*N8*O8)/E8-J8)/J8)*100,"0")&"%"))) -> #VALUE! | U8: =IF(E8*J8*M8=0,"",IF((Q8*M8*N8*O8)/E8<IF(IFERROR(VLOOKUP(D8,NBR!$C:$D,2,0),J8)=IFERROR(VLOOKUP(D8,NBR!$C:$F,4,0),J8),J8*0.9,IFERROR(VLOOKUP(D8,NBR!$C:$D,2,0),J8*0.9)),"COLOCAR +"&TEXT(ROUNDUP((E8*J8)/(M8*N8*O8),0)-Q8,"0")&" luminaria(s)",IF((Q8*M8*N8*O8)/E8>IF(IFERROR(VLOOKUP(D8,NBR!$C:$F,4,0),J8)=IFERROR(VLOOKUP(D8,NBR!$C:$D,2,0),J8),J8*1.2,IFERROR(VLOOKUP(D8,NBR!$C:$F,4,0),J8*1.2)),IF(Q8=1,"Reduzir potencia luminaria","RETIRAR -"&TEXT(Q8-ROUNDUP((E8*IF(IFERROR(VLOOKUP(D8,NBR!$C:$F,4,0),J8)=J8,J8*1.2,IFERROR(VLOOKUP(D8,NBR!$C:$F,4,0),J8*1.2)))/(M8*N8*O8),0),"0")&" luminaria(s)"),"OK"))) -> #VALUE! | V8: =IF(E8*M8=0,"",ROUND((Q8*M8*N8*O8)/E8,0)) -> #VALUE! | W8: =IFERROR(VLOOKUP(D8,NBR!$C:$F,3,0),"") | X8: =IFERROR(VLOOKUP(D8,NBR!$C:$F,4,0),"") | Y8: =IFERROR(VLOOKUP(D8,NBR!$C:$F,2,0),"")
J9: =IFERROR(VLOOKUP(D9,NBR!$C:$E,3,0),"") | K9: =IF(E9*F9*I9=0,"",(4*E9)/((F9)*I9)) | M9: =IFERROR(VLOOKUP(L9,LAMPADAS!$A:$B,2,0),"") | P9: =IF(AND(E9<>"",J9<>"",M9<>"",N9<>"",O9<>"",N9<>0,O9<>0), ROUNDUP((E9*J9)/(M9*N9*O9),0), "") | R9: =IFERROR(VLOOKUP(L9,LAMPADAS!$A:$D,4,0),"") | S9: =IF(AND(Q9<>"",R9<>""),Q9*R9,"") | T9: =IF(E9*J9=0,"—",IF((Q9*M9*N9*O9)/E9<J9*0.9,"INSUFICIENTE -"&TEXT(ABS(((Q9*M9*N9*O9)/E9-J9)/J9)*100,"0")&"%",IF((Q9*M9*N9*O9)/E9>J9*1.31,"ACIMA +"&TEXT((((Q9*M9*N9*O9)/E9-J9)/J9)*100,"0")&"%","OK "&IF((Q9*M9*N9*O9)/E9>=J9,"+","")&TEXT((((Q9*M9*N9*O9)/E9-J9)/J9)*100,"0")&"%"))) -> #VALUE! | U9: =IF(E9*J9*M9=0,"",IF((Q9*M9*N9*O9)/E9<IF(IFERROR(VLOOKUP(D9,NBR!$C:$D,2,0),J9)=IFERROR(VLOOKUP(D9,NBR!$C:$F,4,0),J9),J9*0.9,IFERROR(VLOOKUP(D9,NBR!$C:$D,2,0),J9*0.9)),"COLOCAR +"&TEXT(ROUNDUP((E9*J9)/(M9*N9*O9),0)-Q9,"0")&" luminaria(s)",IF((Q9*M9*N9*O9)/E9>IF(IFERROR(VLOOKUP(D9,NBR!$C:$F,4,0),J9)=IFERROR(VLOOKUP(D9,NBR!$C:$D,2,0),J9),J9*1.2,IFERROR(VLOOKUP(D9,NBR!$C:$F,4,0),J9*1.2)),IF(Q9=1,"Reduzir potencia luminaria","RETIRAR -"&TEXT(Q9-ROUNDUP((E9*IF(IFERROR(VLOOKUP(D9,NBR!$C:$F,4,0),J9)=J9,J9*1.2,IFERROR(VLOOKUP(D9,NBR!$C:$F,4,0),J9*1.2)))/(M9*N9*O9),0),"0")&" luminaria(s)"),"OK"))) -> #VALUE! | V9: =IF(E9*M9=0,"",ROUND((Q9*M9*N9*O9)/E9,0)) -> #VALUE! | W9: =IFERROR(VLOOKUP(D9,NBR!$C:$F,3,0),"") | X9: =IFERROR(VLOOKUP(D9,NBR!$C:$F,4,0),"") | Y9: =IFERROR(VLOOKUP(D9,NBR!$C:$F,2,0),"")
J10: =IFERROR(VLOOKUP(D10,NBR!$C:$E,3,0),"") | K10: =IF(E10*F10*I10=0,"",(4*E10)/((F10)*I10)) | M10: =IFERROR(VLOOKUP(L10,LAMPADAS!$A:$B,2,0),"") | P10: =IF(AND(E10<>"",J10<>"",M10<>"",N10<>"",O10<>"",N10<>0,O10<>0), ROUNDUP((E10*J10)/(M10*N10*O10),0), "") | R10: =IFERROR(VLOOKUP(L10,LAMPADAS!$A:$D,4,0),"") | S10: =IF(AND(Q10<>"",R10<>""),Q10*R10,"") | T10: =IF(E10*J10=0,"—",IF((Q10*M10*N10*O10)/E10<J10*0.9,"INSUFICIENTE -"&TEXT(ABS(((Q10*M10*N10*O10)/E10-J10)/J10)*100,"0")&"%",IF((Q10*M10*N10*O10)/E10>J10*1.31,"ACIMA +"&TEXT((((Q10*M10*N10*O10)/E10-J10)/J10)*100,"0")&"%","OK "&IF((Q10*M10*N10*O10)/E10>=J10,"+","")&TEXT((((Q10*M10*N10*O10)/E10-J10)/J10)*100,"0")&"%"))) -> #VALUE! | U10: =IF(E10*J10*M10=0,"",IF((Q10*M10*N10*O10)/E10<IF(IFERROR(VLOOKUP(D10,NBR!$C:$D,2,0),J10)=IFERROR(VLOOKUP(D10,NBR!$C:$F,4,0),J10),J10*0.9,IFERROR(VLOOKUP(D10,NBR!$C:$D,2,0),J10*0.9)),"COLOCAR +"&TEXT(ROUNDUP((E10*J10)/(M10*N10*O10),0)-Q10,"0")&" luminaria(s)",IF((Q10*M10*N10*O10)/E10>IF(IFERROR(VLOOKUP(D10,NBR!$C:$F,4,0),J10)=IFERROR(VLOOKUP(D10,NBR!$C:$D,2,0),J10),J10*1.2,IFERROR(VLOOKUP(D10,NBR!$C:$F,4,0),J10*1.2)),IF(Q10=1,"Reduzir potencia luminaria","RETIRAR -"&TEXT(Q10-ROUNDUP((E10*IF(IFERROR(VLOOKUP(D10,NBR!$C:$F,4,0),J10)=J10,J10*1.2,IFERROR(VLOOKUP(D10,NBR!$C:$F,4,0),J10*1.2)))/(M10*N10*O10),0),"0")&" luminaria(s)"),"OK"))) -> #VALUE! | V10: =IF(E10*M10=0,"",ROUND((Q10*M10*N10*O10)/E10,0)) -> #VALUE! | W10: =IFERROR(VLOOKUP(D10,NBR!$C:$F,3,0),"") | X10: =IFERROR(VLOOKUP(D10,NBR!$C:$F,4,0),"") | Y10: =IFERROR(VLOOKUP(D10,NBR!$C:$F,2,0),"")
J11: =IFERROR(VLOOKUP(D11,NBR!$C:$E,3,0),"") | K11: =IF(E11*F11*I11=0,"",(4*E11)/((F11)*I11)) | M11: =IFERROR(VLOOKUP(L11,LAMPADAS!$A:$B,2,0),"") | P11: =IF(AND(E11<>"",J11<>"",M11<>"",N11<>"",O11<>"",N11<>0,O11<>0), ROUNDUP((E11*J11)/(M11*N11*O11),0), "") | R11: =IFERROR(VLOOKUP(L11,LAMPADAS!$A:$D,4,0),"") | S11: =IF(AND(Q11<>"",R11<>""),Q11*R11,"") | T11: =IF(E11*J11=0,"—",IF((Q11*M11*N11*O11)/E11<J11*0.9,"INSUFICIENTE -"&TEXT(ABS(((Q11*M11*N11*O11)/E11-J11)/J11)*100,"0")&"%",IF((Q11*M11*N11*O11)/E11>J11*1.31,"ACIMA +"&TEXT((((Q11*M11*N11*O11)/E11-J11)/J11)*100,"0")&"%","OK "&IF((Q11*M11*N11*O11)/E11>=J11,"+","")&TEXT((((Q11*M11*N11*O11)/E11-J11)/J11)*100,"0")&"%"))) -> #VALUE! | U11: =IF(E11*J11*M11=0,"",IF((Q11*M11*N11*O11)/E11<IF(IFERROR(VLOOKUP(D11,NBR!$C:$D,2,0),J11)=IFERROR(VLOOKUP(D11,NBR!$C:$F,4,0),J11),J11*0.9,IFERROR(VLOOKUP(D11,NBR!$C:$D,2,0),J11*0.9)),"COLOCAR +"&TEXT(ROUNDUP((E11*J11)/(M11*N11*O11),0)-Q11,"0")&" luminaria(s)",IF((Q11*M11*N11*O11)/E11>IF(IFERROR(VLOOKUP(D11,NBR!$C:$F,4,0),J11)=IFERROR(VLOOKUP(D11,NBR!$C:$D,2,0),J11),J11*1.2,IFERROR(VLOOKUP(D11,NBR!$C:$F,4,0),J11*1.2)),IF(Q11=1,"Reduzir potencia luminaria","RETIRAR -"&TEXT(Q11-ROUNDUP((E11*IF(IFERROR(VLOOKUP(D11,NBR!$C:$F,4,0),J11)=J11,J11*1.2,IFERROR(VLOOKUP(D11,NBR!$C:$F,4,0),J11*1.2)))/(M11*N11*O11),0),"0")&" luminaria(s)"),"OK"))) -> #VALUE! | V11: =IF(E11*M11=0,"",ROUND((Q11*M11*N11*O11)/E11,0)) -> #VALUE! | W11: =IFERROR(VLOOKUP(D11,NBR!$C:$F,3,0),"") | X11: =IFERROR(VLOOKUP(D11,NBR!$C:$F,4,0),"") | Y11: =IFERROR(VLOOKUP(D11,NBR!$C:$F,2,0),"")
J12: =IFERROR(VLOOKUP(D12,NBR!$C:$E,3,0),"") | K12: =IF(E12*F12*I12=0,"",(4*E12)/((F12)*I12)) | M12: =IFERROR(VLOOKUP(L12,LAMPADAS!$A:$B,2,0),"") | P12: =IF(AND(E12<>"",J12<>"",M12<>"",N12<>"",O12<>"",N12<>0,O12<>0), ROUNDUP((E12*J12)/(M12*N12*O12),0), "") | R12: =IFERROR(VLOOKUP(L12,LAMPADAS!$A:$D,4,0),"") | S12: =IF(AND(Q12<>"",R12<>""),Q12*R12,"") | T12: =IF(E12*J12=0,"—",IF((Q12*M12*N12*O12)/E12<J12*0.9,"INSUFICIENTE -"&TEXT(ABS(((Q12*M12*N12*O12)/E12-J12)/J12)*100,"0")&"%",IF((Q12*M12*N12*O12)/E12>J12*1.31,"ACIMA +"&TEXT((((Q12*M12*N12*O12)/E12-J12)/J12)*100,"0")&"%","OK "&IF((Q12*M12*N12*O12)/E12>=J12,"+","")&TEXT((((Q12*M12*N12*O12)/E12-J12)/J12)*100,"0")&"%"))) -> #VALUE! | U12: =IF(E12*J12*M12=0,"",IF((Q12*M12*N12*O12)/E12<IF(IFERROR(VLOOKUP(D12,NBR!$C:$D,2,0),J12)=IFERROR(VLOOKUP(D12,NBR!$C:$F,4,0),J12),J12*0.9,IFERROR(VLOOKUP(D12,NBR!$C:$D,2,0),J12*0.9)),"COLOCAR +"&TEXT(ROUNDUP((E12*J12)/(M12*N12*O12),0)-Q12,"0")&" luminaria(s)",IF((Q12*M12*N12*O12)/E12>IF(IFERROR(VLOOKUP(D12,NBR!$C:$F,4,0),J12)=IFERROR(VLOOKUP(D12,NBR!$C:$D,2,0),J12),J12*1.2,IFERROR(VLOOKUP(D12,NBR!$C:$F,4,0),J12*1.2)),IF(Q12=1,"Reduzir potencia luminaria","RETIRAR -"&TEXT(Q12-ROUNDUP((E12*IF(IFERROR(VLOOKUP(D12,NBR!$C:$F,4,0),J12)=J12,J12*1.2,IFERROR(VLOOKUP(D12,NBR!$C:$F,4,0),J12*1.2)))/(M12*N12*O12),0),"0")&" luminaria(s)"),"OK"))) -> #VALUE! | V12: =IF(E12*M12=0,"",ROUND((Q12*M12*N12*O12)/E12,0)) -> #VALUE! | W12: =IFERROR(VLOOKUP(D12,NBR!$C:$F,3,0),"") | X12: =IFERROR(VLOOKUP(D12,NBR!$C:$F,4,0),"") | Y12: =IFERROR(VLOOKUP(D12,NBR!$C:$F,2,0),"")
J13: =IFERROR(VLOOKUP(D13,NBR!$C:$E,3,0),"") | K13: =IF(E13*F13*I13=0,"",(4*E13)/((F13)*I13)) | M13: =IFERROR(VLOOKUP(L13,LAMPADAS!$A:$B,2,0),"") | P13: =IF(AND(E13<>"",J13<>"",M13<>"",N13<>"",O13<>"",N13<>0,O13<>0), ROUNDUP((E13*J13)/(M13*N13*O13),0), "") | R13: =IFERROR(VLOOKUP(L13,LAMPADAS!$A:$D,4,0),"") | S13: =IF(AND(Q13<>"",R13<>""),Q13*R13,"") | T13: =IF(E13*J13=0,"—",IF((Q13*M13*N13*O13)/E13<J13*0.9,"INSUFICIENTE -"&TEXT(ABS(((Q13*M13*N13*O13)/E13-J13)/J13)*100,"0")&"%",IF((Q13*M13*N13*O13)/E13>J13*1.31,"ACIMA +"&TEXT((((Q13*M13*N13*O13)/E13-J13)/J13)*100,"0")&"%","OK "&IF((Q13*M13*N13*O13)/E13>=J13,"+","")&TEXT((((Q13*M13*N13*O13)/E13-J13)/J13)*100,"0")&"%"))) -> #VALUE! | U13: =IF(E13*J13*M13=0,"",IF((Q13*M13*N13*O13)/E13<IF(IFERROR(VLOOKUP(D13,NBR!$C:$D,2,0),J13)=IFERROR(VLOOKUP(D13,NBR!$C:$F,4,0),J13),J13*0.9,IFERROR(VLOOKUP(D13,NBR!$C:$D,2,0),J13*0.9)),"COLOCAR +"&TEXT(ROUNDUP((E13*J13)/(M13*N13*O13),0)-Q13,"0")&" luminaria(s)",IF((Q13*M13*N13*O13)/E13>IF(IFERROR(VLOOKUP(D13,NBR!$C:$F,4,0),J13)=IFERROR(VLOOKUP(D13,NBR!$C:$D,2,0),J13),J13*1.2,IFERROR(VLOOKUP(D13,NBR!$C:$F,4,0),J13*1.2)),IF(Q13=1,"Reduzir potencia luminaria","RETIRAR -"&TEXT(Q13-ROUNDUP((E13*IF(IFERROR(VLOOKUP(D13,NBR!$C:$F,4,0),J13)=J13,J13*1.2,IFERROR(VLOOKUP(D13,NBR!$C:$F,4,0),J13*1.2)))/(M13*N13*O13),0),"0")&" luminaria(s)"),"OK"))) -> #VALUE! | V13: =IF(E13*M13=0,"",ROUND((Q13*M13*N13*O13)/E13,0)) -> #VALUE! | W13: =IFERROR(VLOOKUP(D13,NBR!$C:$F,3,0),"") | X13: =IFERROR(VLOOKUP(D13,NBR!$C:$F,4,0),"") | Y13: =IFERROR(VLOOKUP(D13,NBR!$C:$F,2,0),"")
J14: =IFERROR(VLOOKUP(D14,NBR!$C:$E,3,0),"") | K14: =IF(E14*F14*I14=0,"",(4*E14)/((F14)*I14)) | M14: =IFERROR(VLOOKUP(L14,LAMPADAS!$A:$B,2,0),"") | P14: =IF(AND(E14<>"",J14<>"",M14<>"",N14<>"",O14<>"",N14<>0,O14<>0), ROUNDUP((E14*J14)/(M14*N14*O14),0), "") | R14: =IFERROR(VLOOKUP(L14,LAMPADAS!$A:$D,4,0),"") | S14: =IF(AND(Q14<>"",R14<>""),Q14*R14,"") | T14: =IF(E14*J14=0,"—",IF((Q14*M14*N14*O14)/E14<J14*0.9,"INSUFICIENTE -"&TEXT(ABS(((Q14*M14*N14*O14)/E14-J14)/J14)*100,"0")&"%",IF((Q14*M14*N14*O14)/E14>J14*1.31,"ACIMA +"&TEXT((((Q14*M14*N14*O14)/E14-J14)/J14)*100,"0")&"%","OK "&IF((Q14*M14*N14*O14)/E14>=J14,"+","")&TEXT((((Q14*M14*N14*O14)/E14-J14)/J14)*100,"0")&"%"))) -> #VALUE! | U14: =IF(E14*J14*M14=0,"",IF((Q14*M14*N14*O14)/E14<IF(IFERROR(VLOOKUP(D14,NBR!$C:$D,2,0),J14)=IFERROR(VLOOKUP(D14,NBR!$C:$F,4,0),J14),J14*0.9,IFERROR(VLOOKUP(D14,NBR!$C:$D,2,0),J14*0.9)),"COLOCAR +"&TEXT(ROUNDUP((E14*J14)/(M14*N14*O14),0)-Q14,"0")&" luminaria(s)",IF((Q14*M14*N14*O14)/E14>IF(IFERROR(VLOOKUP(D14,NBR!$C:$F,4,0),J14)=IFERROR(VLOOKUP(D14,NBR!$C:$D,2,0),J14),J14*1.2,IFERROR(VLOOKUP(D14,NBR!$C:$F,4,0),J14*1.2)),IF(Q14=1,"Reduzir potencia luminaria","RETIRAR -"&TEXT(Q14-ROUNDUP((E14*IF(IFERROR(VLOOKUP(D14,NBR!$C:$F,4,0),J14)=J14,J14*1.2,IFERROR(VLOOKUP(D14,NBR!$C:$F,4,0),J14*1.2)))/(M14*N14*O14),0),"0")&" luminaria(s)"),"OK"))) -> #VALUE! | V14: =IF(E14*M14=0,"",ROUND((Q14*M14*N14*O14)/E14,0)) -> #VALUE! | W14: =IFERROR(VLOOKUP(D14,NBR!$C:$F,3,0),"") | X14: =IFERROR(VLOOKUP(D14,NBR!$C:$F,4,0),"") | Y14: =IFERROR(VLOOKUP(D14,NBR!$C:$F,2,0),"")
J15: =IFERROR(VLOOKUP(D15,NBR!$C:$E,3,0),"") | K15: =IF(E15*F15*I15=0,"",(4*E15)/((F15)*I15)) | M15: =IFERROR(VLOOKUP(L15,LAMPADAS!$A:$B,2,0),"") | P15: =IF(AND(E15<>"",J15<>"",M15<>"",N15<>"",O15<>"",N15<>0,O15<>0), ROUNDUP((E15*J15)/(M15*N15*O15),0), "") | R15: =IFERROR(VLOOKUP(L15,LAMPADAS!$A:$D,4,0),"") | S15: =IF(AND(Q15<>"",R15<>""),Q15*R15,"") | T15: =IF(E15*J15=0,"—",IF((Q15*M15*N15*O15)/E15<J15*0.9,"INSUFICIENTE -"&TEXT(ABS(((Q15*M15*N15*O15)/E15-J15)/J15)*100,"0")&"%",IF((Q15*M15*N15*O15)/E15>J15*1.31,"ACIMA +"&TEXT((((Q15*M15*N15*O15)/E15-J15)/J15)*100,"0")&"%","OK "&IF((Q15*M15*N15*O15)/E15>=J15,"+","")&TEXT((((Q15*M15*N15*O15)/E15-J15)/J15)*100,"0")&"%"))) -> #VALUE! | U15: =IF(E15*J15*M15=0,"",IF((Q15*M15*N15*O15)/E15<IF(IFERROR(VLOOKUP(D15,NBR!$C:$D,2,0),J15)=IFERROR(VLOOKUP(D15,NBR!$C:$F,4,0),J15),J15*0.9,IFERROR(VLOOKUP(D15,NBR!$C:$D,2,0),J15*0.9)),"COLOCAR +"&TEXT(ROUNDUP((E15*J15)/(M15*N15*O15),0)-Q15,"0")&" luminaria(s)",IF((Q15*M15*N15*O15)/E15>IF(IFERROR(VLOOKUP(D15,NBR!$C:$F,4,0),J15)=IFERROR(VLOOKUP(D15,NBR!$C:$D,2,0),J15),J15*1.2,IFERROR(VLOOKUP(D15,NBR!$C:$F,4,0),J15*1.2)),IF(Q15=1,"Reduzir potencia luminaria","RETIRAR -"&TEXT(Q15-ROUNDUP((E15*IF(IFERROR(VLOOKUP(D15,NBR!$C:$F,4,0),J15)=J15,J15*1.2,IFERROR(VLOOKUP(D15,NBR!$C:$F,4,0),J15*1.2)))/(M15*N15*O15),0),"0")&" luminaria(s)"),"OK"))) -> #VALUE! | V15: =IF(E15*M15=0,"",ROUND((Q15*M15*N15*O15)/E15,0)) -> #VALUE! | W15: =IFERROR(VLOOKUP(D15,NBR!$C:$F,3,0),"") | X15: =IFERROR(VLOOKUP(D15,NBR!$C:$F,4,0),"") | Y15: =IFERROR(VLOOKUP(D15,NBR!$C:$F,2,0),"")
J16: =IFERROR(VLOOKUP(D16,NBR!$C:$E,3,0),"") | K16: =IF(E16*F16*I16=0,"",(4*E16)/((F16)*I16)) | M16: =IFERROR(VLOOKUP(L16,LAMPADAS!$A:$B,2,0),"") | P16: =IF(AND(E16<>"",J16<>"",M16<>"",N16<>"",O16<>"",N16<>0,O16<>0), ROUNDUP((E16*J16)/(M16*N16*O16),0), "") | R16: =IFERROR(VLOOKUP(L16,LAMPADAS!$A:$D,4,0),"") | S16: =IF(AND(Q16<>"",R16<>""),Q16*R16,"") | T16: =IF(E16*J16=0,"—",IF((Q16*M16*N16*O16)/E16<J16*0.9,"INSUFICIENTE -"&TEXT(ABS(((Q16*M16*N16*O16)/E16-J16)/J16)*100,"0")&"%",IF((Q16*M16*N16*O16)/E16>J16*1.31,"ACIMA +"&TEXT((((Q16*M16*N16*O16)/E16-J16)/J16)*100,"0")&"%","OK "&IF((Q16*M16*N16*O16)/E16>=J16,"+","")&TEXT((((Q16*M16*N16*O16)/E16-J16)/J16)*100,"0")&"%"))) -> #VALUE! | U16: =IF(E16*J16*M16=0,"",IF((Q16*M16*N16*O16)/E16<IF(IFERROR(VLOOKUP(D16,NBR!$C:$D,2,0),J16)=IFERROR(VLOOKUP(D16,NBR!$C:$F,4,0),J16),J16*0.9,IFERROR(VLOOKUP(D16,NBR!$C:$D,2,0),J16*0.9)),"COLOCAR +"&TEXT(ROUNDUP((E16*J16)/(M16*N16*O16),0)-Q16,"0")&" luminaria(s)",IF((Q16*M16*N16*O16)/E16>IF(IFERROR(VLOOKUP(D16,NBR!$C:$F,4,0),J16)=IFERROR(VLOOKUP(D16,NBR!$C:$D,2,0),J16),J16*1.2,IFERROR(VLOOKUP(D16,NBR!$C:$F,4,0),J16*1.2)),IF(Q16=1,"Reduzir potencia luminaria","RETIRAR -"&TEXT(Q16-ROUNDUP((E16*IF(IFERROR(VLOOKUP(D16,NBR!$C:$F,4,0),J16)=J16,J16*1.2,IFERROR(VLOOKUP(D16,NBR!$C:$F,4,0),J16*1.2)))/(M16*N16*O16),0),"0")&" luminaria(s)"),"OK"))) -> #VALUE! | V16: =IF(E16*M16=0,"",ROUND((Q16*M16*N16*O16)/E16,0)) -> #VALUE! | W16: =IFERROR(VLOOKUP(D16,NBR!$C:$F,3,0),"") | X16: =IFERROR(VLOOKUP(D16,NBR!$C:$F,4,0),"") | Y16: =IFERROR(VLOOKUP(D16,NBR!$C:$F,2,0),"")
J17: =IFERROR(VLOOKUP(D17,NBR!$C:$E,3,0),"") | K17: =IF(E17*F17*I17=0,"",(4*E17)/((F17)*I17)) | M17: =IFERROR(VLOOKUP(L17,LAMPADAS!$A:$B,2,0),"") | P17: =IF(AND(E17<>"",J17<>"",M17<>"",N17<>"",O17<>"",N17<>0,O17<>0), ROUNDUP((E17*J17)/(M17*N17*O17),0), "") | R17: =IFERROR(VLOOKUP(L17,LAMPADAS!$A:$D,4,0),"") | S17: =IF(AND(Q17<>"",R17<>""),Q17*R17,"") | T17: =IF(E17*J17=0,"—",IF((Q17*M17*N17*O17)/E17<J17*0.9,"INSUFICIENTE -"&TEXT(ABS(((Q17*M17*N17*O17)/E17-J17)/J17)*100,"0")&"%",IF((Q17*M17*N17*O17)/E17>J17*1.31,"ACIMA +"&TEXT((((Q17*M17*N17*O17)/E17-J17)/J17)*100,"0")&"%","OK "&IF((Q17*M17*N17*O17)/E17>=J17,"+","")&TEXT((((Q17*M17*N17*O17)/E17-J17)/J17)*100,"0")&"%"))) -> #VALUE! | U17: =IF(E17*J17*M17=0,"",IF((Q17*M17*N17*O17)/E17<IF(IFERROR(VLOOKUP(D17,NBR!$C:$D,2,0),J17)=IFERROR(VLOOKUP(D17,NBR!$C:$F,4,0),J17),J17*0.9,IFERROR(VLOOKUP(D17,NBR!$C:$D,2,0),J17*0.9)),"COLOCAR +"&TEXT(ROUNDUP((E17*J17)/(M17*N17*O17),0)-Q17,"0")&" luminaria(s)",IF((Q17*M17*N17*O17)/E17>IF(IFERROR(VLOOKUP(D17,NBR!$C:$F,4,0),J17)=IFERROR(VLOOKUP(D17,NBR!$C:$D,2,0),J17),J17*1.2,IFERROR(VLOOKUP(D17,NBR!$C:$F,4,0),J17*1.2)),IF(Q17=1,"Reduzir potencia luminaria","RETIRAR -"&TEXT(Q17-ROUNDUP((E17*IF(IFERROR(VLOOKUP(D17,NBR!$C:$F,4,0),J17)=J17,J17*1.2,IFERROR(VLOOKUP(D17,NBR!$C:$F,4,0),J17*1.2)))/(M17*N17*O17),0),"0")&" luminaria(s)"),"OK"))) -> #VALUE! | V17: =IF(E17*M17=0,"",ROUND((Q17*M17*N17*O17)/E17,0)) -> #VALUE! | W17: =IFERROR(VLOOKUP(D17,NBR!$C:$F,3,0),"") | X17: =IFERROR(VLOOKUP(D17,NBR!$C:$F,4,0),"") | Y17: =IFERROR(VLOOKUP(D17,NBR!$C:$F,2,0),"")
... J22: =IFERROR(VLOOKUP(D22,NBR!$C:$E,3,0),"") | K22: =IF(E22*F22*I22=0,"",(4*E22)/((F22)*I22)) | M22: =IFERROR(VLOOKUP(L22,LAMPADAS!$A:$B,2,0),"") | P22: =IF(AND(E22<>"",J22<>"",M22<>"",N22<>"",O22<>"",N22<>0,O22<>0), ROUNDUP((E22*J22)/(M22*N22*O22),0), "") | R22: =IFERROR(VLOOKUP(L22,LAMPADAS!$A:$D,4,0),"") | S22: =IF(AND(Q22<>"",R22<>""),Q22*R22,"") | T22: =IF(E22*J22=0,"—",IF((Q22*M22*N22*O22)/E22<J22*0.9,"INSUFICIENTE -"&TEXT(ABS(((Q22*M22*N22*O22)/E22-J22)/J22)*100,"0")&"%",IF((Q22*M22*N22*O22)/E22>J22*1.31,"ACIMA +"&TEXT((((Q22*M22*N22*O22)/E22-J22)/J22)*100,"0")&"%","OK "&IF((Q22*M22*N22*O22)/E22>=J22,"+","")&TEXT((((Q22*M22*N22*O22)/E22-J22)/J22)*100,"0")&"%"))) -> #VALUE! | U22: =IF(E22*J22*M22=0,"",IF((Q22*M22*N22*O22)/E22<IF(IFERROR(VLOOKUP(D22,NBR!$C:$D,2,0),J22)=IFERROR(VLOOKUP(D22,NBR!$C:$F,4,0),J22),J22*0.9,IFERROR(VLOOKUP(D22,NBR!$C:$D,2,0),J22*0.9)),"COLOCAR +"&TEXT(ROUNDUP((E22*J22)/(M22*N22*O22),0)-Q22,"0")&" luminaria(s)",IF((Q22*M22*N22*O22)/E22>IF(IFERROR(VLOOKUP(D22,NBR!$C:$F,4,0),J22)=IFERROR(VLOOKUP(D22,NBR!$C:$D,2,0),J22),J22*1.2,IFERROR(VLOOKUP(D22,NBR!$C:$F,4,0),J22*1.2)),IF(Q22=1,"Reduzir potencia luminaria","RETIRAR -"&TEXT(Q22-ROUNDUP((E22*IF(IFERROR(VLOOKUP(D22,NBR!$C:$F,4,0),J22)=J22,J22*1.2,IFERROR(VLOOKUP(D22,NBR!$C:$F,4,0),J22*1.2)))/(M22*N22*O22),0),"0")&" luminaria(s)"),"OK"))) -> #VALUE! | V22: =IF(E22*M22=0,"",ROUND((Q22*M22*N22*O22)/E22,0)) -> #VALUE! | W22: =IFERROR(VLOOKUP(D22,NBR!$C:$F,3,0),"") | X22: =IFERROR(VLOOKUP(D22,NBR!$C:$F,4,0),"") | Y22: =IFERROR(VLOOKUP(D22,NBR!$C:$F,2,0),"")
J23: =IFERROR(VLOOKUP(D23,NBR!$C:$E,3,0),"") | K23: =IF(E23*F23*I23=0,"",(4*E23)/((F23)*I23)) | M23: =IFERROR(VLOOKUP(L23,LAMPADAS!$A:$B,2,0),"") | P23: =IF(AND(E23<>"",J23<>"",M23<>"",N23<>"",O23<>"",N23<>0,O23<>0), ROUNDUP((E23*J23)/(M23*N23*O23),0), "") | R23: =IFERROR(VLOOKUP(L23,LAMPADAS!$A:$D,4,0),"") | S23: =IF(AND(Q23<>"",R23<>""),Q23*R23,"") | T23: =IF(E23*J23=0,"—",IF((Q23*M23*N23*O23)/E23<J23*0.9,"INSUFICIENTE -"&TEXT(ABS(((Q23*M23*N23*O23)/E23-J23)/J23)*100,"0")&"%",IF((Q23*M23*N23*O23)/E23>J23*1.31,"ACIMA +"&TEXT((((Q23*M23*N23*O23)/E23-J23)/J23)*100,"0")&"%","OK "&IF((Q23*M23*N23*O23)/E23>=J23,"+","")&TEXT((((Q23*M23*N23*O23)/E23-J23)/J23)*100,"0")&"%"))) -> #VALUE! | U23: =IF(E23*J23*M23=0,"",IF((Q23*M23*N23*O23)/E23<IF(IFERROR(VLOOKUP(D23,NBR!$C:$D,2,0),J23)=IFERROR(VLOOKUP(D23,NBR!$C:$F,4,0),J23),J23*0.9,IFERROR(VLOOKUP(D23,NBR!$C:$D,2,0),J23*0.9)),"COLOCAR +"&TEXT(ROUNDUP((E23*J23)/(M23*N23*O23),0)-Q23,"0")&" luminaria(s)",IF((Q23*M23*N23*O23)/E23>IF(IFERROR(VLOOKUP(D23,NBR!$C:$F,4,0),J23)=IFERROR(VLOOKUP(D23,NBR!$C:$D,2,0),J23),J23*1.2,IFERROR(VLOOKUP(D23,NBR!$C:$F,4,0),J23*1.2)),IF(Q23=1,"Reduzir potencia luminaria","RETIRAR -"&TEXT(Q23-ROUNDUP((E23*IF(IFERROR(VLOOKUP(D23,NBR!$C:$F,4,0),J23)=J23,J23*1.2,IFERROR(VLOOKUP(D23,NBR!$C:$F,4,0),J23*1.2)))/(M23*N23*O23),0),"0")&" luminaria(s)"),"OK"))) -> #VALUE! | V23: =IF(E23*M23=0,"",ROUND((Q23*M23*N23*O23)/E23,0)) -> #VALUE! | W23: =IFERROR(VLOOKUP(D23,NBR!$C:$F,3,0),"") | X23: =IFERROR(VLOOKUP(D23,NBR!$C:$F,3,0),"") | Y23: =IFERROR(VLOOKUP(D23,NBR!$C:$F,2,0),"")
J24: =IFERROR(VLOOKUP(D24,NBR!$C:$E,3,0),"") | K24: =IF(E24*F24*I24=0,"",(4*E24)/((F24)*I24)) | M24: =IFERROR(VLOOKUP(L24,LAMPADAS!$A:$B,2,0),"") | P24: =IF(AND(E24<>"",J24<>"",M24<>"",N24<>"",O24<>"",N24<>0,O24<>0), ROUNDUP((E24*J24)/(M24*N24*O24),0), "") | R24: =IFERROR(VLOOKUP(L24,LAMPADAS!$A:$D,4,0),"") | S24: =IF(AND(Q24<>"",R24<>""),Q24*R24,"") | T24: =IF(E24*J24=0,"—",IF((Q24*M24*N24*O24)/E24<J24*0.9,"INSUFICIENTE -"&TEXT(ABS(((Q24*M24*N24*O24)/E24-J24)/J24)*100,"0")&"%",IF((Q24*M24*N24*O24)/E24>J24*1.31,"ACIMA +"&TEXT((((Q24*M24*N24*O24)/E24-J24)/J24)*100,"0")&"%","OK "&IF((Q24*M24*N24*O24)/E24>=J24,"+","")&TEXT((((Q24*M24*N24*O24)/E24-J24)/J24)*100,"0")&"%"))) -> #VALUE! | U24: =IF(E24*J24*M24=0,"",IF((Q24*M24*N24*O24)/E24<IF(IFERROR(VLOOKUP(D24,NBR!$C:$D,2,0),J24)=IFERROR(VLOOKUP(D24,NBR!$C:$F,4,0),J24),J24*0.9,IFERROR(VLOOKUP(D24,NBR!$C:$D,2,0),J24*0.9)),"COLOCAR +"&TEXT(ROUNDUP((E24*J24)/(M24*N24*O24),0)-Q24,"0")&" luminaria(s)",IF((Q24*M24*N24*O24)/E24>IF(IFERROR(VLOOKUP(D24,NBR!$C:$F,4,0),J24)=IFERROR(VLOOKUP(D24,NBR!$C:$D,2,0),J24),J24*1.2,IFERROR(VLOOKUP(D24,NBR!$C:$F,4,0),J24*1.2)),IF(Q24=1,"Reduzir potencia luminaria","RETIRAR -"&TEXT(Q24-ROUNDUP((E24*IF(IFERROR(VLOOKUP(D24,NBR!$C:$F,4,0),J24)=J24,J24*1.2,IFERROR(VLOOKUP(D24,NBR!$C:$F,4,0),J24*1.2)))/(M24*N24*O24),0),"0")&" luminaria(s)"),"OK"))) -> #VALUE! | V24: =IF(E24*M24=0,"",ROUND((Q24*M24*N24*O24)/E24,0)) -> #VALUE! | W24: =IFERROR(VLOOKUP(D24,NBR!$C:$F,3,0),"") | X24: =IFERROR(VLOOKUP(D24,NBR!$C:$F,3,0),"") | Y24: =IFERROR(VLOOKUP(D24,NBR!$C:$F,2,0),"")
J25: =IFERROR(VLOOKUP(D25,NBR!$C:$E,3,0),"") | K25: =IF(E25*F25*I25=0,"",(4*E25)/((F25)*I25)) | M25: =IFERROR(VLOOKUP(L25,LAMPADAS!$A:$B,2,0),"") | P25: =IF(AND(E25<>"",J25<>"",M25<>"",N25<>"",O25<>"",N25<>0,O25<>0), ROUNDUP((E25*J25)/(M25*N25*O25),0), "") | R25: =IFERROR(VLOOKUP(L25,LAMPADAS!$A:$D,4,0),"") | S25: =IF(AND(Q25<>"",R25<>""),Q25*R25,"") | T25: =IF(E25*J25=0,"—",IF((Q25*M25*N25*O25)/E25<J25*0.9,"INSUFICIENTE -"&TEXT(ABS(((Q25*M25*N25*O25)/E25-J25)/J25)*100,"0")&"%",IF((Q25*M25*N25*O25)/E25>J25*1.31,"ACIMA +"&TEXT((((Q25*M25*N25*O25)/E25-J25)/J25)*100,"0")&"%","OK "&IF((Q25*M25*N25*O25)/E25>=J25,"+","")&TEXT((((Q25*M25*N25*O25)/E25-J25)/J25)*100,"0")&"%"))) -> #VALUE! | U25: =IF(E25*J25*M25=0,"",IF((Q25*M25*N25*O25)/E25<IF(IFERROR(VLOOKUP(D25,NBR!$C:$D,2,0),J25)=IFERROR(VLOOKUP(D25,NBR!$C:$F,4,0),J25),J25*0.9,IFERROR(VLOOKUP(D25,NBR!$C:$D,2,0),J25*0.9)),"COLOCAR +"&TEXT(ROUNDUP((E25*J25)/(M25*N25*O25),0)-Q25,"0")&" luminaria(s)",IF((Q25*M25*N25*O25)/E25>IF(IFERROR(VLOOKUP(D25,NBR!$C:$F,4,0),J25)=IFERROR(VLOOKUP(D25,NBR!$C:$D,2,0),J25),J25*1.2,IFERROR(VLOOKUP(D25,NBR!$C:$F,4,0),J25*1.2)),IF(Q25=1,"Reduzir potencia luminaria","RETIRAR -"&TEXT(Q25-ROUNDUP((E25*IF(IFERROR(VLOOKUP(D25,NBR!$C:$F,4,0),J25)=J25,J25*1.2,IFERROR(VLOOKUP(D25,NBR!$C:$F,4,0),J25*1.2)))/(M25*N25*O25),0),"0")&" luminaria(s)"),"OK"))) -> #VALUE! | V25: =IF(E25*M25=0,"",ROUND((Q25*M25*N25*O25)/E25,0)) -> #VALUE! | W25: =IFERROR(VLOOKUP(D25,NBR!$C:$F,3,0),"") | X25: =IFERROR(VLOOKUP(D25,NBR!$C:$F,3,0),"") | Y25: =IFERROR(VLOOKUP(D25,NBR!$C:$F,2,0),"")
J26: =IFERROR(VLOOKUP(D26,NBR!$C:$E,3,0),"") | K26: =IF(E26*F26*I26=0,"",(4*E26)/((F26)*I26)) | M26: =IFERROR(VLOOKUP(L26,LAMPADAS!$A:$B,2,0),"") | P26: =IF(AND(E26<>"",J26<>"",M26<>"",N26<>"",O26<>"",N26<>0,O26<>0), ROUNDUP((E26*J26)/(M26*N26*O26),0), "") | R26: =IFERROR(VLOOKUP(L26,#REF!,4,0),"") | S26: =IF(AND(Q26<>"",R26<>""),Q26*R26,"") | T26: =IF(E26*J26=0,"—",IF((Q26*M26*N26*O26)/E26<J26*0.9,"INSUFICIENTE -"&TEXT(ABS(((Q26*M26*N26*O26)/E26-J26)/J26)*100,"0")&"%",IF((Q26*M26*N26*O26)/E26>J26*1.31,"ACIMA +"&TEXT((((Q26*M26*N26*O26)/E26-J26)/J26)*100,"0")&"%","OK "&IF((Q26*M26*N26*O26)/E26>=J26,"+","")&TEXT((((Q26*M26*N26*O26)/E26-J26)/J26)*100,"0")&"%"))) -> #VALUE! | U26: =IF(E26*J26*M26=0,"",IF((Q26*M26*N26*O26)/E26<IF(IFERROR(VLOOKUP(D26,NBR!$C:$D,2,0),J26)=IFERROR(VLOOKUP(D26,NBR!$C:$F,4,0),J26),J26*0.9,IFERROR(VLOOKUP(D26,NBR!$C:$D,2,0),J26*0.9)),"COLOCAR +"&TEXT(ROUNDUP((E26*J26)/(M26*N26*O26),0)-Q26,"0")&" luminaria(s)",IF((Q26*M26*N26*O26)/E26>IF(IFERROR(VLOOKUP(D26,NBR!$C:$F,4,0),J26)=IFERROR(VLOOKUP(D26,NBR!$C:$D,2,0),J26),J26*1.2,IFERROR(VLOOKUP(D26,NBR!$C:$F,4,0),J26*1.2)),IF(Q26=1,"Reduzir potencia luminaria","RETIRAR -"&TEXT(Q26-ROUNDUP((E26*IF(IFERROR(VLOOKUP(D26,NBR!$C:$F,4,0),J26)=J26,J26*1.2,IFERROR(VLOOKUP(D26,NBR!$C:$F,4,0),J26*1.2)))/(M26*N26*O26),0),"0")&" luminaria(s)"),"OK"))) -> #VALUE! | V26: =IF(E26*M26=0,"",ROUND((Q26*M26*N26*O26)/E26,0)) -> #VALUE!
J27: =IFERROR(VLOOKUP(D27,NBR!$C:$E,3,0),"") | K27: =IF(E27*F27*I27=0,"",(4*E27)/((F27)*I27)) | M27: =IFERROR(VLOOKUP(L27,LAMPADAS!$A:$B,2,0),"") | P27: =IF(AND(E27<>"",J27<>"",M27<>"",N27<>"",O27<>"",N27<>0,O27<>0), ROUNDUP((E27*J27)/(M27*N27*O27),0), "") | R27: =IFERROR(VLOOKUP(L27,#REF!,4,0),"") | S27: =IF(AND(Q27<>"",R27<>""),Q27*R27,"") | T27: =IF(E27*J27=0,"—",IF((Q27*M27*N27*O27)/E27<J27*0.9,"INSUFICIENTE -"&TEXT(ABS(((Q27*M27*N27*O27)/E27-J27)/J27)*100,"0")&"%",IF((Q27*M27*N27*O27)/E27>J27*1.31,"ACIMA +"&TEXT((((Q27*M27*N27*O27)/E27-J27)/J27)*100,"0")&"%","OK "&IF((Q27*M27*N27*O27)/E27>=J27,"+","")&TEXT((((Q27*M27*N27*O27)/E27-J27)/J27)*100,"0")&"%"))) -> #VALUE! | U27: =IF(E27*J27*M27=0,"",IF((Q27*M27*N27*O27)/E27<IF(IFERROR(VLOOKUP(D27,NBR!$C:$D,2,0),J27)=IFERROR(VLOOKUP(D27,NBR!$C:$F,4,0),J27),J27*0.9,IFERROR(VLOOKUP(D27,NBR!$C:$D,2,0),J27*0.9)),"COLOCAR +"&TEXT(ROUNDUP((E27*J27)/(M27*N27*O27),0)-Q27,"0")&" luminaria(s)",IF((Q27*M27*N27*O27)/E27>IF(IFERROR(VLOOKUP(D27,NBR!$C:$F,4,0),J27)=IFERROR(VLOOKUP(D27,NBR!$C:$D,2,0),J27),J27*1.2,IFERROR(VLOOKUP(D27,NBR!$C:$F,4,0),J27*1.2)),IF(Q27=1,"Reduzir potencia luminaria","RETIRAR -"&TEXT(Q27-ROUNDUP((E27*IF(IFERROR(VLOOKUP(D27,NBR!$C:$F,4,0),J27)=J27,J27*1.2,IFERROR(VLOOKUP(D27,NBR!$C:$F,4,0),J27*1.2)))/(M27*N27*O27),0),"0")&" luminaria(s)"),"OK"))) -> #VALUE! | V27: =IF(E27*M27=0,"",ROUND((Q27*M27*N27*O27)/E27,0)) -> #VALUE!
J28: =IFERROR(VLOOKUP(D28,NBR!$C:$E,3,0),"") | K28: =IF(E28*F28*I28=0,"",(4*E28)/((F28)*I28)) | M28: =IFERROR(VLOOKUP(L28,LAMPADAS!$A:$B,2,0),"") | P28: =IF(AND(E28<>"",J28<>"",M28<>"",N28<>"",O28<>"",N28<>0,O28<>0), ROUNDUP((E28*J28)/(M28*N28*O28),0), "") | R28: =IFERROR(VLOOKUP(L28,#REF!,4,0),"") | S28: =IF(AND(Q28<>"",R28<>""),Q28*R28,"") | T28: =IF(E28*J28=0,"—",IF((Q28*M28*N28*O28)/E28<J28*0.9,"INSUFICIENTE -"&TEXT(ABS(((Q28*M28*N28*O28)/E28-J28)/J28)*100,"0")&"%",IF((Q28*M28*N28*O28)/E28>J28*1.31,"ACIMA +"&TEXT((((Q28*M28*N28*O28)/E28-J28)/J28)*100,"0")&"%","OK "&IF((Q28*M28*N28*O28)/E28>=J28,"+","")&TEXT((((Q28*M28*N28*O28)/E28-J28)/J28)*100,"0")&"%"))) -> #VALUE! | U28: =IF(E28*J28*M28=0,"",IF((Q28*M28*N28*O28)/E28<IF(IFERROR(VLOOKUP(D28,NBR!$C:$D,2,0),J28)=IFERROR(VLOOKUP(D28,NBR!$C:$F,4,0),J28),J28*0.9,IFERROR(VLOOKUP(D28,NBR!$C:$D,2,0),J28*0.9)),"COLOCAR +"&TEXT(ROUNDUP((E28*J28)/(M28*N28*O28),0)-Q28,"0")&" luminaria(s)",IF((Q28*M28*N28*O28)/E28>IF(IFERROR(VLOOKUP(D28,NBR!$C:$F,4,0),J28)=IFERROR(VLOOKUP(D28,NBR!$C:$D,2,0),J28),J28*1.2,IFERROR(VLOOKUP(D28,NBR!$C:$F,4,0),J28*1.2)),IF(Q28=1,"Reduzir potencia luminaria","RETIRAR -"&TEXT(Q28-ROUNDUP((E28*IF(IFERROR(VLOOKUP(D28,NBR!$C:$F,4,0),J28)=J28,J28*1.2,IFERROR(VLOOKUP(D28,NBR!$C:$F,4,0),J28*1.2)))/(M28*N28*O28),0),"0")&" luminaria(s)"),"OK"))) -> #VALUE! | V28: =IF(E28*M28=0,"",ROUND((Q28*M28*N28*O28)/E28,0)) -> #VALUE!
J29: =IFERROR(VLOOKUP(D29,NBR!$C:$E,3,0),"") | K29: =IF(E29*F29*I29=0,"",(4*E29)/((F29)*I29)) | M29: =IFERROR(VLOOKUP(L29,LAMPADAS!$A:$B,2,0),"") | P29: =IF(AND(E29<>"",J29<>"",M29<>"",N29<>"",O29<>"",N29<>0,O29<>0), ROUNDUP((E29*J29)/(M29*N29*O29),0), "") | R29: =IFERROR(VLOOKUP(L29,#REF!,4,0),"") | S29: =IF(AND(Q29<>"",R29<>""),Q29*R29,"") | T29: =IF(E29*J29=0,"—",IF((Q29*M29*N29*O29)/E29<J29*0.9,"INSUFICIENTE -"&TEXT(ABS(((Q29*M29*N29*O29)/E29-J29)/J29)*100,"0")&"%",IF((Q29*M29*N29*O29)/E29>J29*1.31,"ACIMA +"&TEXT((((Q29*M29*N29*O29)/E29-J29)/J29)*100,"0")&"%","OK "&IF((Q29*M29*N29*O29)/E29>=J29,"+","")&TEXT((((Q29*M29*N29*O29)/E29-J29)/J29)*100,"0")&"%"))) -> #VALUE! | U29: =IF(E29*J29*M29=0,"",IF((Q29*M29*N29*O29)/E29<IF(IFERROR(VLOOKUP(D29,NBR!$C:$D,2,0),J29)=IFERROR(VLOOKUP(D29,NBR!$C:$F,4,0),J29),J29*0.9,IFERROR(VLOOKUP(D29,NBR!$C:$D,2,0),J29*0.9)),"COLOCAR +"&TEXT(ROUNDUP((E29*J29)/(M29*N29*O29),0)-Q29,"0")&" luminaria(s)",IF((Q29*M29*N29*O29)/E29>IF(IFERROR(VLOOKUP(D29,NBR!$C:$F,4,0),J29)=IFERROR(VLOOKUP(D29,NBR!$C:$D,2,0),J29),J29*1.2,IFERROR(VLOOKUP(D29,NBR!$C:$F,4,0),J29*1.2)),IF(Q29=1,"Reduzir potencia luminaria","RETIRAR -"&TEXT(Q29-ROUNDUP((E29*IF(IFERROR(VLOOKUP(D29,NBR!$C:$F,4,0),J29)=J29,J29*1.2,IFERROR(VLOOKUP(D29,NBR!$C:$F,4,0),J29*1.2)))/(M29*N29*O29),0),"0")&" luminaria(s)"),"OK"))) -> #VALUE! | V29: =IF(E29*M29=0,"",ROUND((Q29*M29*N29*O29)/E29,0)) -> #VALUE!
J30: =IFERROR(VLOOKUP(D30,NBR!$C:$E,3,0),"") | K30: =IF(E30*F30*I30=0,"",(4*E30)/((F30)*I30)) | M30: =IFERROR(VLOOKUP(L30,LAMPADAS!$A:$B,2,0),"") | P30: =IF(AND(E30<>"",J30<>"",M30<>"",N30<>"",O30<>"",N30<>0,O30<>0), ROUNDUP((E30*J30)/(M30*N30*O30),0), "") | R30: =IFERROR(VLOOKUP(L30,#REF!,4,0),"") | S30: =IF(AND(Q30<>"",R30<>""),Q30*R30,"") | T30: =IF(E30*J30=0,"—",IF((Q30*M30*N30*O30)/E30<J30*0.9,"INSUFICIENTE -"&TEXT(ABS(((Q30*M30*N30*O30)/E30-J30)/J30)*100,"0")&"%",IF((Q30*M30*N30*O30)/E30>J30*1.31,"ACIMA +"&TEXT((((Q30*M30*N30*O30)/E30-J30)/J30)*100,"0")&"%","OK "&IF((Q30*M30*N30*O30)/E30>=J30,"+","")&TEXT((((Q30*M30*N30*O30)/E30-J30)/J30)*100,"0")&"%"))) -> #VALUE! | U30: =IF(E30*J30*M30=0,"",IF((Q30*M30*N30*O30)/E30<IF(IFERROR(VLOOKUP(D30,NBR!$C:$D,2,0),J30)=IFERROR(VLOOKUP(D30,NBR!$C:$F,4,0),J30),J30*0.9,IFERROR(VLOOKUP(D30,NBR!$C:$D,2,0),J30*0.9)),"COLOCAR +"&TEXT(ROUNDUP((E30*J30)/(M30*N30*O30),0)-Q30,"0")&" luminaria(s)",IF((Q30*M30*N30*O30)/E30>IF(IFERROR(VLOOKUP(D30,NBR!$C:$F,4,0),J30)=IFERROR(VLOOKUP(D30,NBR!$C:$D,2,0),J30),J30*1.2,IFERROR(VLOOKUP(D30,NBR!$C:$F,4,0),J30*1.2)),IF(Q30=1,"Reduzir potencia luminaria","RETIRAR -"&TEXT(Q30-ROUNDUP((E30*IF(IFERROR(VLOOKUP(D30,NBR!$C:$F,4,0),J30)=J30,J30*1.2,IFERROR(VLOOKUP(D30,NBR!$C:$F,4,0),J30*1.2)))/(M30*N30*O30),0),"0")&" luminaria(s)"),"OK"))) -> #VALUE! | V30: =IF(E30*M30=0,"",ROUND((Q30*M30*N30*O30)/E30,0)) -> #VALUE!
J31: =IFERROR(VLOOKUP(D31,NBR!$C:$E,3,0),"") | K31: =IF(E31*F31*I31=0,"",(4*E31)/((F31)*I31)) | M31: =IFERROR(VLOOKUP(L31,LAMPADAS!$A:$B,2,0),"") | P31: =IF(AND(E31<>"",J31<>"",M31<>"",N31<>"",O31<>"",N31<>0,O31<>0), ROUNDUP((E31*J31)/(M31*N31*O31),0), "") | R31: =IFERROR(VLOOKUP(L31,#REF!,4,0),"") | S31: =IF(AND(Q31<>"",R31<>""),Q31*R31,"") | T31: =IF(E31*J31=0,"—",IF((Q31*M31*N31*O31)/E31<J31*0.9,"INSUFICIENTE -"&TEXT(ABS(((Q31*M31*N31*O31)/E31-J31)/J31)*100,"0")&"%",IF((Q31*M31*N31*O31)/E31>J31*1.31,"ACIMA +"&TEXT((((Q31*M31*N31*O31)/E31-J31)/J31)*100,"0")&"%","OK "&IF((Q31*M31*N31*O31)/E31>=J31,"+","")&TEXT((((Q31*M31*N31*O31)/E31-J31)/J31)*100,"0")&"%"))) -> #VALUE! | U31: =IF(E31*J31*M31=0,"",IF((Q31*M31*N31*O31)/E31<IF(IFERROR(VLOOKUP(D31,NBR!$C:$D,2,0),J31)=IFERROR(VLOOKUP(D31,NBR!$C:$F,4,0),J31),J31*0.9,IFERROR(VLOOKUP(D31,NBR!$C:$D,2,0),J31*0.9)),"COLOCAR +"&TEXT(ROUNDUP((E31*J31)/(M31*N31*O31),0)-Q31,"0")&" luminaria(s)",IF((Q31*M31*N31*O31)/E31>IF(IFERROR(VLOOKUP(D31,NBR!$C:$F,4,0),J31)=IFERROR(VLOOKUP(D31,NBR!$C:$D,2,0),J31),J31*1.2,IFERROR(VLOOKUP(D31,NBR!$C:$F,4,0),J31*1.2)),IF(Q31=1,"Reduzir potencia luminaria","RETIRAR -"&TEXT(Q31-ROUNDUP((E31*IF(IFERROR(VLOOKUP(D31,NBR!$C:$F,4,0),J31)=J31,J31*1.2,IFERROR(VLOOKUP(D31,NBR!$C:$F,4,0),J31*1.2)))/(M31*N31*O31),0),"0")&" luminaria(s)"),"OK"))) -> #VALUE! | V31: =IF(E31*M31=0,"",ROUND((Q31*M31*N31*O31)/E31,0)) -> #VALUE!
J32: =IFERROR(VLOOKUP(D32,NBR!$C:$E,3,0),"") | K32: =IF(E32*F32*I32=0,"",(4*E32)/((F32)*I32)) | M32: =IFERROR(VLOOKUP(L32,LAMPADAS!$A:$B,2,0),"") | P32: =IF(AND(E32<>"",J32<>"",M32<>"",N32<>"",O32<>"",N32<>0,O32<>0), ROUNDUP((E32*J32)/(M32*N32*O32),0), "") | R32: =IFERROR(VLOOKUP(L32,#REF!,4,0),"") | S32: =IF(AND(Q32<>"",R32<>""),Q32*R32,"") | T32: =IF(E32*J32=0,"—",IF((Q32*M32*N32*O32)/E32<J32*0.9,"INSUFICIENTE -"&TEXT(ABS(((Q32*M32*N32*O32)/E32-J32)/J32)*100,"0")&"%",IF((Q32*M32*N32*O32)/E32>J32*1.31,"ACIMA +"&TEXT((((Q32*M32*N32*O32)/E32-J32)/J32)*100,"0")&"%","OK "&IF((Q32*M32*N32*O32)/E32>=J32,"+","")&TEXT((((Q32*M32*N32*O32)/E32-J32)/J32)*100,"0")&"%"))) -> #VALUE! | U32: =IF(E32*J32*M32=0,"",IF((Q32*M32*N32*O32)/E32<IF(IFERROR(VLOOKUP(D32,NBR!$C:$D,2,0),J32)=IFERROR(VLOOKUP(D32,NBR!$C:$F,4,0),J32),J32*0.9,IFERROR(VLOOKUP(D32,NBR!$C:$D,2,0),J32*0.9)),"COLOCAR +"&TEXT(ROUNDUP((E32*J32)/(M32*N32*O32),0)-Q32,"0")&" luminaria(s)",IF((Q32*M32*N32*O32)/E32>IF(IFERROR(VLOOKUP(D32,NBR!$C:$F,4,0),J32)=IFERROR(VLOOKUP(D32,NBR!$C:$D,2,0),J32),J32*1.2,IFERROR(VLOOKUP(D32,NBR!$C:$F,4,0),J32*1.2)),IF(Q32=1,"Reduzir potencia luminaria","RETIRAR -"&TEXT(Q32-ROUNDUP((E32*IF(IFERROR(VLOOKUP(D32,NBR!$C:$F,4,0),J32)=J32,J32*1.2,IFERROR(VLOOKUP(D32,NBR!$C:$F,4,0),J32*1.2)))/(M32*N32*O32),0),"0")&" luminaria(s)"),"OK"))) -> #VALUE! | V32: =IF(E32*M32=0,"",ROUND((Q32*M32*N32*O32)/E32,0)) -> #VALUE!
J33: =IFERROR(VLOOKUP(D33,NBR!$C:$E,3,0),"") | K33: =IF(E33*F33*I33=0,"",(4*E33)/((F33)*I33)) | M33: =IFERROR(VLOOKUP(L33,LAMPADAS!$A:$B,2,0),"") | P33: =IF(AND(E33<>"",J33<>"",M33<>"",N33<>"",O33<>"",N33<>0,O33<>0), ROUNDUP((E33*J33)/(M33*N33*O33),0), "") | R33: =IFERROR(VLOOKUP(L33,#REF!,4,0),"") | S33: =IF(AND(Q33<>"",R33<>""),Q33*R33,"") | T33: =IF(E33*J33=0,"—",IF((Q33*M33*N33*O33)/E33<J33*0.9,"INSUFICIENTE -"&TEXT(ABS(((Q33*M33*N33*O33)/E33-J33)/J33)*100,"0")&"%",IF((Q33*M33*N33*O33)/E33>J33*1.31,"ACIMA +"&TEXT((((Q33*M33*N33*O33)/E33-J33)/J33)*100,"0")&"%","OK "&IF((Q33*M33*N33*O33)/E33>=J33,"+","")&TEXT((((Q33*M33*N33*O33)/E33-J33)/J33)*100,"0")&"%"))) -> #VALUE! | U33: =IF(E33*J33*M33=0,"",IF((Q33*M33*N33*O33)/E33<IF(IFERROR(VLOOKUP(D33,NBR!$C:$D,2,0),J33)=IFERROR(VLOOKUP(D33,NBR!$C:$F,4,0),J33),J33*0.9,IFERROR(VLOOKUP(D33,NBR!$C:$D,2,0),J33*0.9)),"COLOCAR +"&TEXT(ROUNDUP((E33*J33)/(M33*N33*O33),0)-Q33,"0")&" luminaria(s)",IF((Q33*M33*N33*O33)/E33>IF(IFERROR(VLOOKUP(D33,NBR!$C:$F,4,0),J33)=IFERROR(VLOOKUP(D33,NBR!$C:$D,2,0),J33),J33*1.2,IFERROR(VLOOKUP(D33,NBR!$C:$F,4,0),J33*1.2)),IF(Q33=1,"Reduzir potencia luminaria","RETIRAR -"&TEXT(Q33-ROUNDUP((E33*IF(IFERROR(VLOOKUP(D33,NBR!$C:$F,4,0),J33)=J33,J33*1.2,IFERROR(VLOOKUP(D33,NBR!$C:$F,4,0),J33*1.2)))/(M33*N33*O33),0),"0")&" luminaria(s)"),"OK"))) -> #VALUE! | V33: =IF(E33*M33=0,"",ROUND((Q33*M33*N33*O33)/E33,0)) -> #VALUE!
J34: =IFERROR(VLOOKUP(D34,NBR!$C:$E,3,0),"") | K34: =IF(E34*F34*I34=0,"",(4*E34)/((F34)*I34)) | M34: =IFERROR(VLOOKUP(L34,LAMPADAS!$A:$B,2,0),"") | P34: =IF(AND(E34<>"",J34<>"",M34<>"",N34<>"",O34<>"",N34<>0,O34<>0), ROUNDUP((E34*J34)/(M34*N34*O34),0), "") | R34: =IFERROR(VLOOKUP(L34,#REF!,4,0),"") | S34: =IF(AND(Q34<>"",R34<>""),Q34*R34,"") | T34: =IF(E34*J34=0,"—",IF((Q34*M34*N34*O34)/E34<J34*0.9,"INSUFICIENTE -"&TEXT(ABS(((Q34*M34*N34*O34)/E34-J34)/J34)*100,"0")&"%",IF((Q34*M34*N34*O34)/E34>J34*1.31,"ACIMA +"&TEXT((((Q34*M34*N34*O34)/E34-J34)/J34)*100,"0")&"%","OK "&IF((Q34*M34*N34*O34)/E34>=J34,"+","")&TEXT((((Q34*M34*N34*O34)/E34-J34)/J34)*100,"0")&"%"))) -> #VALUE! | U34: =IF(E34*J34*M34=0,"",IF((Q34*M34*N34*O34)/E34<IF(IFERROR(VLOOKUP(D34,NBR!$C:$D,2,0),J34)=IFERROR(VLOOKUP(D34,NBR!$C:$F,4,0),J34),J34*0.9,IFERROR(VLOOKUP(D34,NBR!$C:$D,2,0),J34*0.9)),"COLOCAR +"&TEXT(ROUNDUP((E34*J34)/(M34*N34*O34),0)-Q34,"0")&" luminaria(s)",IF((Q34*M34*N34*O34)/E34>IF(IFERROR(VLOOKUP(D34,NBR!$C:$F,4,0),J34)=IFERROR(VLOOKUP(D34,NBR!$C:$D,2,0),J34),J34*1.2,IFERROR(VLOOKUP(D34,NBR!$C:$F,4,0),J34*1.2)),IF(Q34=1,"Reduzir potencia luminaria","RETIRAR -"&TEXT(Q34-ROUNDUP((E34*IF(IFERROR(VLOOKUP(D34,NBR!$C:$F,4,0),J34)=J34,J34*1.2,IFERROR(VLOOKUP(D34,NBR!$C:$F,4,0),J34*1.2)))/(M34*N34*O34),0),"0")&" luminaria(s)"),"OK"))) -> #VALUE! | V34: =IF(E34*M34=0,"",ROUND((Q34*M34*N34*O34)/E34,0)) -> #VALUE!
J35: =IFERROR(VLOOKUP(D35,NBR!$C:$E,3,0),"") | K35: =IF(E35*F35*I35=0,"",(4*E35)/((F35)*I35)) | M35: =IFERROR(VLOOKUP(L35,LAMPADAS!$A:$B,2,0),"") | P35: =IF(AND(E35<>"",J35<>"",M35<>"",N35<>"",O35<>"",N35<>0,O35<>0), ROUNDUP((E35*J35)/(M35*N35*O35),0), "") | R35: =IFERROR(VLOOKUP(L35,#REF!,4,0),"") | S35: =IF(AND(Q35<>"",R35<>""),Q35*R35,"") | T35: =IF(E35*J35=0,"—",IF((Q35*M35*N35*O35)/E35<J35*0.9,"INSUFICIENTE -"&TEXT(ABS(((Q35*M35*N35*O35)/E35-J35)/J35)*100,"0")&"%",IF((Q35*M35*N35*O35)/E35>J35*1.31,"ACIMA +"&TEXT((((Q35*M35*N35*O35)/E35-J35)/J35)*100,"0")&"%","OK "&IF((Q35*M35*N35*O35)/E35>=J35,"+","")&TEXT((((Q35*M35*N35*O35)/E35-J35)/J35)*100,"0")&"%"))) -> #VALUE! | U35: =IF(E35*J35*M35=0,"",IF((Q35*M35*N35*O35)/E35<IF(IFERROR(VLOOKUP(D35,NBR!$C:$D,2,0),J35)=IFERROR(VLOOKUP(D35,NBR!$C:$F,4,0),J35),J35*0.9,IFERROR(VLOOKUP(D35,NBR!$C:$D,2,0),J35*0.9)),"COLOCAR +"&TEXT(ROUNDUP((E35*J35)/(M35*N35*O35),0)-Q35,"0")&" luminaria(s)",IF((Q35*M35*N35*O35)/E35>IF(IFERROR(VLOOKUP(D35,NBR!$C:$F,4,0),J35)=IFERROR(VLOOKUP(D35,NBR!$C:$D,2,0),J35),J35*1.2,IFERROR(VLOOKUP(D35,NBR!$C:$F,4,0),J35*1.2)),IF(Q35=1,"Reduzir potencia luminaria","RETIRAR -"&TEXT(Q35-ROUNDUP((E35*IF(IFERROR(VLOOKUP(D35,NBR!$C:$F,4,0),J35)=J35,J35*1.2,IFERROR(VLOOKUP(D35,NBR!$C:$F,4,0),J35*1.2)))/(M35*N35*O35),0),"0")&" luminaria(s)"),"OK"))) -> #VALUE! | V35: =IF(E35*M35=0,"",ROUND((Q35*M35*N35*O35)/E35,0)) -> #VALUE!
J36: =IFERROR(VLOOKUP(D36,NBR!$C:$E,3,0),"") | K36: =IF(E36*F36*I36=0,"",(4*E36)/((F36)*I36)) | M36: =IFERROR(VLOOKUP(L36,LAMPADAS!$A:$B,2,0),"") | P36: =IF(AND(E36<>"",J36<>"",M36<>"",N36<>"",O36<>"",N36<>0,O36<>0), ROUNDUP((E36*J36)/(M36*N36*O36),0), "") | R36: =IFERROR(VLOOKUP(L36,#REF!,4,0),"") | S36: =IF(AND(Q36<>"",R36<>""),Q36*R36,"") | T36: =IF(E36*J36=0,"—",IF((Q36*M36*N36*O36)/E36<J36*0.9,"INSUFICIENTE -"&TEXT(ABS(((Q36*M36*N36*O36)/E36-J36)/J36)*100,"0")&"%",IF((Q36*M36*N36*O36)/E36>J36*1.31,"ACIMA +"&TEXT((((Q36*M36*N36*O36)/E36-J36)/J36)*100,"0")&"%","OK "&IF((Q36*M36*N36*O36)/E36>=J36,"+","")&TEXT((((Q36*M36*N36*O36)/E36-J36)/J36)*100,"0")&"%"))) -> #VALUE! | U36: =IF(E36*J36*M36=0,"",IF((Q36*M36*N36*O36)/E36<IF(IFERROR(VLOOKUP(D36,NBR!$C:$D,2,0),J36)=IFERROR(VLOOKUP(D36,NBR!$C:$F,4,0),J36),J36*0.9,IFERROR(VLOOKUP(D36,NBR!$C:$D,2,0),J36*0.9)),"COLOCAR +"&TEXT(ROUNDUP((E36*J36)/(M36*N36*O36),0)-Q36,"0")&" luminaria(s)",IF((Q36*M36*N36*O36)/E36>IF(IFERROR(VLOOKUP(D36,NBR!$C:$F,4,0),J36)=IFERROR(VLOOKUP(D36,NBR!$C:$D,2,0),J36),J36*1.2,IFERROR(VLOOKUP(D36,NBR!$C:$F,4,0),J36*1.2)),IF(Q36=1,"Reduzir potencia luminaria","RETIRAR -"&TEXT(Q36-ROUNDUP((E36*IF(IFERROR(VLOOKUP(D36,NBR!$C:$F,4,0),J36)=J36,J36*1.2,IFERROR(VLOOKUP(D36,NBR!$C:$F,4,0),J36*1.2)))/(M36*N36*O36),0),"0")&" luminaria(s)"),"OK"))) -> #VALUE! | V36: =IF(E36*M36=0,"",ROUND((Q36*M36*N36*O36)/E36,0)) -> #VALUE!
J37: =IFERROR(VLOOKUP(D37,NBR!$C:$E,3,0),"") | K37: =IF(E37*F37*I37=0,"",(4*E37)/((F37)*I37)) | M37: =IFERROR(VLOOKUP(L37,LAMPADAS!$A:$B,2,0),"") | P37: =IF(AND(E37<>"",J37<>"",M37<>"",N37<>"",O37<>"",N37<>0,O37<>0), ROUNDUP((E37*J37)/(M37*N37*O37),0), "") | R37: =IFERROR(VLOOKUP(L37,#REF!,4,0),"") | S37: =IF(AND(Q37<>"",R37<>""),Q37*R37,"") | T37: =IF(E37*J37=0,"—",IF((Q37*M37*N37*O37)/E37<J37*0.9,"INSUFICIENTE -"&TEXT(ABS(((Q37*M37*N37*O37)/E37-J37)/J37)*100,"0")&"%",IF((Q37*M37*N37*O37)/E37>J37*1.31,"ACIMA +"&TEXT((((Q37*M37*N37*O37)/E37-J37)/J37)*100,"0")&"%","OK "&IF((Q37*M37*N37*O37)/E37>=J37,"+","")&TEXT((((Q37*M37*N37*O37)/E37-J37)/J37)*100,"0")&"%"))) -> #VALUE! | U37: =IF(E37*J37*M37=0,"",IF((Q37*M37*N37*O37)/E37<IF(IFERROR(VLOOKUP(D37,NBR!$C:$D,2,0),J37)=IFERROR(VLOOKUP(D37,NBR!$C:$F,4,0),J37),J37*0.9,IFERROR(VLOOKUP(D37,NBR!$C:$D,2,0),J37*0.9)),"COLOCAR +"&TEXT(ROUNDUP((E37*J37)/(M37*N37*O37),0)-Q37,"0")&" luminaria(s)",IF((Q37*M37*N37*O37)/E37>IF(IFERROR(VLOOKUP(D37,NBR!$C:$F,4,0),J37)=IFERROR(VLOOKUP(D37,NBR!$C:$D,2,0),J37),J37*1.2,IFERROR(VLOOKUP(D37,NBR!$C:$F,4,0),J37*1.2)),IF(Q37=1,"Reduzir potencia luminaria","RETIRAR -"&TEXT(Q37-ROUNDUP((E37*IF(IFERROR(VLOOKUP(D37,NBR!$C:$F,4,0),J37)=J37,J37*1.2,IFERROR(VLOOKUP(D37,NBR!$C:$F,4,0),J37*1.2)))/(M37*N37*O37),0),"0")&" luminaria(s)"),"OK"))) -> #VALUE! | V37: =IF(E37*M37=0,"",ROUND((Q37*M37*N37*O37)/E37,0)) -> #VALUE!
... J49: =IFERROR(VLOOKUP(D49,NBR!$C:$E,3,0),"") | K49: =IF(E49*F49*I49=0,"",(4*E49)/((F49)*I49)) | M49: =IFERROR(VLOOKUP(L49,LAMPADAS!$A:$B,2,0),"") | P49: =IF(AND(E49<>"",J49<>"",M49<>"",N49<>"",O49<>"",N49<>0,O49<>0), ROUNDUP((E49*J49)/(M49*N49*O49),0), "") | R49: =IFERROR(VLOOKUP(L49,#REF!,4,0),"") | S49: =IF(AND(Q49<>"",R49<>""),Q49*R49,"") | T49: =IF(E49*J49=0,"—",IF((Q49*M49*N49*O49)/E49<J49*0.9,"INSUFICIENTE -"&TEXT(ABS(((Q49*M49*N49*O49)/E49-J49)/J49)*100,"0")&"%",IF((Q49*M49*N49*O49)/E49>J49*1.31,"ACIMA +"&TEXT((((Q49*M49*N49*O49)/E49-J49)/J49)*100,"0")&"%","OK "&IF((Q49*M49*N49*O49)/E49>=J49,"+","")&TEXT((((Q49*M49*N49*O49)/E49-J49)/J49)*100,"0")&"%"))) -> #VALUE! | U49: =IF(E49*J49*M49=0,"",IF((Q49*M49*N49*O49)/E49<IF(IFERROR(VLOOKUP(D49,NBR!$C:$D,2,0),J49)=IFERROR(VLOOKUP(D49,NBR!$C:$F,4,0),J49),J49*0.9,IFERROR(VLOOKUP(D49,NBR!$C:$D,2,0),J49*0.9)),"COLOCAR +"&TEXT(ROUNDUP((E49*J49)/(M49*N49*O49),0)-Q49,"0")&" luminaria(s)",IF((Q49*M49*N49*O49)/E49>IF(IFERROR(VLOOKUP(D49,NBR!$C:$F,4,0),J49)=IFERROR(VLOOKUP(D49,NBR!$C:$D,2,0),J49),J49*1.2,IFERROR(VLOOKUP(D49,NBR!$C:$F,4,0),J49*1.2)),IF(Q49=1,"Reduzir potencia luminaria","RETIRAR -"&TEXT(Q49-ROUNDUP((E49*IF(IFERROR(VLOOKUP(D49,NBR!$C:$F,4,0),J49)=J49,J49*1.2,IFERROR(VLOOKUP(D49,NBR!$C:$F,4,0),J49*1.2)))/(M49*N49*O49),0),"0")&" luminaria(s)"),"OK"))) -> #VALUE! | V49: =IF(E49*M49=0,"",ROUND((Q49*M49*N49*O49)/E49,0)) -> #VALUE!
E50: =IF(G50*H50=0,"",ROUND(G50*H50,2)) | J50: =IFERROR(VLOOKUP(D50,NBR!$C:$E,3,0),"") | K50: =IF(E50*F50*I50=0,"",(4*E50)/((F50)*I50)) -> #VALUE! | M50: =IFERROR(VLOOKUP(L50,LAMPADAS!$A:$B,2,0),"") | P50: =IF(AND(E50<>"",J50<>"",M50<>"",N50<>"",O50<>"",N50<>0,O50<>0), ROUNDUP((E50*J50)/(M50*N50*O50),0), "") | R50: =IFERROR(VLOOKUP(L50,#REF!,4,0),"") | S50: =IF(AND(Q50<>"",R50<>""),Q50*R50,"") | T50: =IF(E50*J50=0,"—",IF((Q50*M50*N50*O50)/E50<J50*0.9,"INSUFICIENTE -"&TEXT(ABS(((Q50*M50*N50*O50)/E50-J50)/J50)*100,"0")&"%",IF((Q50*M50*N50*O50)/E50>J50*1.31,"ACIMA +"&TEXT((((Q50*M50*N50*O50)/E50-J50)/J50)*100,"0")&"%","OK "&IF((Q50*M50*N50*O50)/E50>=J50,"+","")&TEXT((((Q50*M50*N50*O50)/E50-J50)/J50)*100,"0")&"%"))) -> #VALUE! | U50: =IF(E50*J50*M50=0,"",IF((Q50*M50*N50*O50)/E50<IF(IFERROR(VLOOKUP(D50,NBR!$C:$D,2,0),J50)=IFERROR(VLOOKUP(D50,NBR!$C:$F,4,0),J50),J50*0.9,IFERROR(VLOOKUP(D50,NBR!$C:$D,2,0),J50*0.9)),"COLOCAR +"&TEXT(ROUNDUP((E50*J50)/(M50*N50*O50),0)-Q50,"0")&" luminaria(s)",IF((Q50*M50*N50*O50)/E50>IF(IFERROR(VLOOKUP(D50,NBR!$C:$F,4,0),J50)=IFERROR(VLOOKUP(D50,NBR!$C:$D,2,0),J50),J50*1.2,IFERROR(VLOOKUP(D50,NBR!$C:$F,4,0),J50*1.2)),IF(Q50=1,"Reduzir potencia luminaria","RETIRAR -"&TEXT(Q50-ROUNDUP((E50*IF(IFERROR(VLOOKUP(D50,NBR!$C:$F,4,0),J50)=J50,J50*1.2,IFERROR(VLOOKUP(D50,NBR!$C:$F,4,0),J50*1.2)))/(M50*N50*O50),0),"0")&" luminaria(s)"),"OK"))) -> #VALUE! | V50: =IF(E50*M50=0,"",ROUND((Q50*M50*N50*O50)/E50,0)) -> #VALUE!
E51: =IF(G51*H51=0,"",ROUND(G51*H51,2)) | J51: =IFERROR(VLOOKUP(D51,NBR!$C:$E,3,0),"") | K51: =IF(E51*F51*I51=0,"",(4*E51)/((F51)*I51)) -> #VALUE! | M51: =IFERROR(VLOOKUP(L51,LAMPADAS!$A:$B,2,0),"") | P51: =IF(AND(E51<>"",J51<>"",M51<>"",N51<>"",O51<>"",N51<>0,O51<>0), ROUNDUP((E51*J51)/(M51*N51*O51),0), "") | R51: =IFERROR(VLOOKUP(L51,#REF!,4,0),"") | S51: =IF(AND(Q51<>"",R51<>""),Q51*R51,"") | T51: =IF(E51*J51=0,"—",IF((Q51*M51*N51*O51)/E51<J51*0.9,"INSUFICIENTE -"&TEXT(ABS(((Q51*M51*N51*O51)/E51-J51)/J51)*100,"0")&"%",IF((Q51*M51*N51*O51)/E51>J51*1.31,"ACIMA +"&TEXT((((Q51*M51*N51*O51)/E51-J51)/J51)*100,"0")&"%","OK "&IF((Q51*M51*N51*O51)/E51>=J51,"+","")&TEXT((((Q51*M51*N51*O51)/E51-J51)/J51)*100,"0")&"%"))) -> #VALUE! | U51: =IF(E51*J51*M51=0,"",IF((Q51*M51*N51*O51)/E51<IF(IFERROR(VLOOKUP(D51,NBR!$C:$D,2,0),J51)=IFERROR(VLOOKUP(D51,NBR!$C:$F,4,0),J51),J51*0.9,IFERROR(VLOOKUP(D51,NBR!$C:$D,2,0),J51*0.9)),"COLOCAR +"&TEXT(ROUNDUP((E51*J51)/(M51*N51*O51),0)-Q51,"0")&" luminaria(s)",IF((Q51*M51*N51*O51)/E51>IF(IFERROR(VLOOKUP(D51,NBR!$C:$F,4,0),J51)=IFERROR(VLOOKUP(D51,NBR!$C:$D,2,0),J51),J51*1.2,IFERROR(VLOOKUP(D51,NBR!$C:$F,4,0),J51*1.2)),IF(Q51=1,"Reduzir potencia luminaria","RETIRAR -"&TEXT(Q51-ROUNDUP((E51*IF(IFERROR(VLOOKUP(D51,NBR!$C:$F,4,0),J51)=J51,J51*1.2,IFERROR(VLOOKUP(D51,NBR!$C:$F,4,0),J51*1.2)))/(M51*N51*O51),0),"0")&" luminaria(s)"),"OK"))) -> #VALUE! | V51: =IF(E51*M51=0,"",ROUND((Q51*M51*N51*O51)/E51,0)) -> #VALUE!
E52: =IF(G52*H52=0,"",ROUND(G52*H52,2)) | J52: =IFERROR(VLOOKUP(D52,NBR!$C:$E,3,0),"") | K52: =IF(E52*F52*I52=0,"",(4*E52)/((F52)*I52)) -> #VALUE! | M52: =IFERROR(VLOOKUP(L52,LAMPADAS!$A:$B,2,0),"") | P52: =IF(AND(E52<>"",J52<>"",M52<>"",N52<>"",O52<>"",N52<>0,O52<>0), ROUNDUP((E52*J52)/(M52*N52*O52),0), "") | R52: =IFERROR(VLOOKUP(L52,#REF!,4,0),"") | S52: =IF(AND(Q52<>"",R52<>""),Q52*R52,"") | T52: =IF(E52*J52=0,"—",IF((Q52*M52*N52*O52)/E52<J52*0.9,"INSUFICIENTE -"&TEXT(ABS(((Q52*M52*N52*O52)/E52-J52)/J52)*100,"0")&"%",IF((Q52*M52*N52*O52)/E52>J52*1.31,"ACIMA +"&TEXT((((Q52*M52*N52*O52)/E52-J52)/J52)*100,"0")&"%","OK "&IF((Q52*M52*N52*O52)/E52>=J52,"+","")&TEXT((((Q52*M52*N52*O52)/E52-J52)/J52)*100,"0")&"%"))) -> #VALUE! | U52: =IF(E52*J52*M52=0,"",IF((Q52*M52*N52*O52)/E52<IF(IFERROR(VLOOKUP(D52,NBR!$C:$D,2,0),J52)=IFERROR(VLOOKUP(D52,NBR!$C:$F,4,0),J52),J52*0.9,IFERROR(VLOOKUP(D52,NBR!$C:$D,2,0),J52*0.9)),"COLOCAR +"&TEXT(ROUNDUP((E52*J52)/(M52*N52*O52),0)-Q52,"0")&" luminaria(s)",IF((Q52*M52*N52*O52)/E52>IF(IFERROR(VLOOKUP(D52,NBR!$C:$F,4,0),J52)=IFERROR(VLOOKUP(D52,NBR!$C:$D,2,0),J52),J52*1.2,IFERROR(VLOOKUP(D52,NBR!$C:$F,4,0),J52*1.2)),IF(Q52=1,"Reduzir potencia luminaria","RETIRAR -"&TEXT(Q52-ROUNDUP((E52*IF(IFERROR(VLOOKUP(D52,NBR!$C:$F,4,0),J52)=J52,J52*1.2,IFERROR(VLOOKUP(D52,NBR!$C:$F,4,0),J52*1.2)))/(M52*N52*O52),0),"0")&" luminaria(s)"),"OK"))) -> #VALUE! | V52: =IF(E52*M52=0,"",ROUND((Q52*M52*N52*O52)/E52,0)) -> #VALUE!
E53: =IF(G53*H53=0,"",ROUND(G53*H53,2)) | J53: =IFERROR(VLOOKUP(D53,NBR!$C:$E,3,0),"") | K53: =IF(E53*F53*I53=0,"",(4*E53)/((F53)*I53)) -> #VALUE! | M53: =IFERROR(VLOOKUP(L53,LAMPADAS!$A:$B,2,0),"") | P53: =IF(AND(E53<>"",J53<>"",M53<>"",N53<>"",O53<>"",N53<>0,O53<>0), ROUNDUP((E53*J53)/(M53*N53*O53),0), "") | R53: =IFERROR(VLOOKUP(L53,#REF!,4,0),"") | S53: =IF(AND(Q53<>"",R53<>""),Q53*R53,"") | T53: =IF(E53*J53=0,"—",IF((Q53*M53*N53*O53)/E53<J53*0.9,"INSUFICIENTE -"&TEXT(ABS(((Q53*M53*N53*O53)/E53-J53)/J53)*100,"0")&"%",IF((Q53*M53*N53*O53)/E53>J53*1.31,"ACIMA +"&TEXT((((Q53*M53*N53*O53)/E53-J53)/J53)*100,"0")&"%","OK "&IF((Q53*M53*N53*O53)/E53>=J53,"+","")&TEXT((((Q53*M53*N53*O53)/E53-J53)/J53)*100,"0")&"%"))) -> #VALUE! | U53: =IF(E53*J53*M53=0,"",IF((Q53*M53*N53*O53)/E53<IF(IFERROR(VLOOKUP(D53,NBR!$C:$D,2,0),J53)=IFERROR(VLOOKUP(D53,NBR!$C:$F,4,0),J53),J53*0.9,IFERROR(VLOOKUP(D53,NBR!$C:$D,2,0),J53*0.9)),"COLOCAR +"&TEXT(ROUNDUP((E53*J53)/(M53*N53*O53),0)-Q53,"0")&" luminaria(s)",IF((Q53*M53*N53*O53)/E53>IF(IFERROR(VLOOKUP(D53,NBR!$C:$F,4,0),J53)=IFERROR(VLOOKUP(D53,NBR!$C:$D,2,0),J53),J53*1.2,IFERROR(VLOOKUP(D53,NBR!$C:$F,4,0),J53*1.2)),IF(Q53=1,"Reduzir potencia luminaria","RETIRAR -"&TEXT(Q53-ROUNDUP((E53*IF(IFERROR(VLOOKUP(D53,NBR!$C:$F,4,0),J53)=J53,J53*1.2,IFERROR(VLOOKUP(D53,NBR!$C:$F,4,0),J53*1.2)))/(M53*N53*O53),0),"0")&" luminaria(s)"),"OK"))) -> #VALUE! | V53: =IF(E53*M53=0,"",ROUND((Q53*M53*N53*O53)/E53,0)) -> #VALUE!
E54: =IF(G54*H54=0,"",ROUND(G54*H54,2)) | J54: =IFERROR(VLOOKUP(D54,NBR!$C:$E,3,0),"") | K54: =IF(E54*F54*I54=0,"",(4*E54)/((F54)*I54)) -> #VALUE! | M54: =IFERROR(VLOOKUP(L54,LAMPADAS!$A:$B,2,0),"") | P54: =IF(AND(E54<>"",J54<>"",M54<>"",N54<>"",O54<>"",N54<>0,O54<>0), ROUNDUP((E54*J54)/(M54*N54*O54),0), "") | R54: =IFERROR(VLOOKUP(L54,#REF!,4,0),"") | S54: =IF(AND(Q54<>"",R54<>""),Q54*R54,"") | T54: =IF(E54*J54=0,"—",IF((Q54*M54*N54*O54)/E54<J54*0.9,"INSUFICIENTE -"&TEXT(ABS(((Q54*M54*N54*O54)/E54-J54)/J54)*100,"0")&"%",IF((Q54*M54*N54*O54)/E54>J54*1.31,"ACIMA +"&TEXT((((Q54*M54*N54*O54)/E54-J54)/J54)*100,"0")&"%","OK "&IF((Q54*M54*N54*O54)/E54>=J54,"+","")&TEXT((((Q54*M54*N54*O54)/E54-J54)/J54)*100,"0")&"%"))) -> #VALUE! | U54: =IF(E54*J54*M54=0,"",IF((Q54*M54*N54*O54)/E54<IF(IFERROR(VLOOKUP(D54,NBR!$C:$D,2,0),J54)=IFERROR(VLOOKUP(D54,NBR!$C:$F,4,0),J54),J54*0.9,IFERROR(VLOOKUP(D54,NBR!$C:$D,2,0),J54*0.9)),"COLOCAR +"&TEXT(ROUNDUP((E54*J54)/(M54*N54*O54),0)-Q54,"0")&" luminaria(s)",IF((Q54*M54*N54*O54)/E54>IF(IFERROR(VLOOKUP(D54,NBR!$C:$F,4,0),J54)=IFERROR(VLOOKUP(D54,NBR!$C:$D,2,0),J54),J54*1.2,IFERROR(VLOOKUP(D54,NBR!$C:$F,4,0),J54*1.2)),IF(Q54=1,"Reduzir potencia luminaria","RETIRAR -"&TEXT(Q54-ROUNDUP((E54*IF(IFERROR(VLOOKUP(D54,NBR!$C:$F,4,0),J54)=J54,J54*1.2,IFERROR(VLOOKUP(D54,NBR!$C:$F,4,0),J54*1.2)))/(M54*N54*O54),0),"0")&" luminaria(s)"),"OK"))) -> #VALUE! | V54: =IF(E54*M54=0,"",ROUND((Q54*M54*N54*O54)/E54,0)) -> #VALUE!
E55: =IF(G55*H55=0,"",ROUND(G55*H55,2)) | J55: =IFERROR(VLOOKUP(D55,NBR!$C:$E,3,0),"") | K55: =IF(E55*F55*I55=0,"",(4*E55)/((F55)*I55)) -> #VALUE! | M55: =IFERROR(VLOOKUP(L55,LAMPADAS!$A:$B,2,0),"") | P55: =IF(AND(E55<>"",J55<>"",M55<>"",N55<>"",O55<>"",N55<>0,O55<>0), ROUNDUP((E55*J55)/(M55*N55*O55),0), "") | R55: =IFERROR(VLOOKUP(L55,#REF!,4,0),"") | S55: =IF(AND(Q55<>"",R55<>""),Q55*R55,"") | T55: =IF(E55*J55=0,"—",IF((Q55*M55*N55*O55)/E55<J55*0.9,"INSUFICIENTE -"&TEXT(ABS(((Q55*M55*N55*O55)/E55-J55)/J55)*100,"0")&"%",IF((Q55*M55*N55*O55)/E55>J55*1.31,"ACIMA +"&TEXT((((Q55*M55*N55*O55)/E55-J55)/J55)*100,"0")&"%","OK "&IF((Q55*M55*N55*O55)/E55>=J55,"+","")&TEXT((((Q55*M55*N55*O55)/E55-J55)/J55)*100,"0")&"%"))) -> #VALUE! | U55: =IF(E55*J55*M55=0,"",IF((Q55*M55*N55*O55)/E55<IF(IFERROR(VLOOKUP(D55,NBR!$C:$D,2,0),J55)=IFERROR(VLOOKUP(D55,NBR!$C:$F,4,0),J55),J55*0.9,IFERROR(VLOOKUP(D55,NBR!$C:$D,2,0),J55*0.9)),"COLOCAR +"&TEXT(ROUNDUP((E55*J55)/(M55*N55*O55),0)-Q55,"0")&" luminaria(s)",IF((Q55*M55*N55*O55)/E55>IF(IFERROR(VLOOKUP(D55,NBR!$C:$F,4,0),J55)=IFERROR(VLOOKUP(D55,NBR!$C:$D,2,0),J55),J55*1.2,IFERROR(VLOOKUP(D55,NBR!$C:$F,4,0),J55*1.2)),IF(Q55=1,"Reduzir potencia luminaria","RETIRAR -"&TEXT(Q55-ROUNDUP((E55*IF(IFERROR(VLOOKUP(D55,NBR!$C:$F,4,0),J55)=J55,J55*1.2,IFERROR(VLOOKUP(D55,NBR!$C:$F,4,0),J55*1.2)))/(M55*N55*O55),0),"0")&" luminaria(s)"),"OK"))) -> #VALUE! | V55: =IF(E55*M55=0,"",ROUND((Q55*M55*N55*O55)/E55,0)) -> #VALUE!
E56: =IF(G56*H56=0,"",ROUND(G56*H56,2)) | J56: =IFERROR(VLOOKUP(D56,NBR!$C:$E,3,0),"") | K56: =IF(E56*F56*I56=0,"",(4*E56)/((F56)*I56)) -> #VALUE! | M56: =IFERROR(VLOOKUP(L56,LAMPADAS!$A:$B,2,0),"") | P56: =IF(AND(E56<>"",J56<>"",M56<>"",N56<>"",O56<>"",N56<>0,O56<>0), ROUNDUP((E56*J56)/(M56*N56*O56),0), "") | R56: =IFERROR(VLOOKUP(L56,#REF!,4,0),"") | S56: =IF(AND(Q56<>"",R56<>""),Q56*R56,"") | T56: =IF(E56*J56=0,"—",IF((Q56*M56*N56*O56)/E56<J56*0.9,"INSUFICIENTE -"&TEXT(ABS(((Q56*M56*N56*O56)/E56-J56)/J56)*100,"0")&"%",IF((Q56*M56*N56*O56)/E56>J56*1.31,"ACIMA +"&TEXT((((Q56*M56*N56*O56)/E56-J56)/J56)*100,"0")&"%","OK "&IF((Q56*M56*N56*O56)/E56>=J56,"+","")&TEXT((((Q56*M56*N56*O56)/E56-J56)/J56)*100,"0")&"%"))) -> #VALUE! | U56: =IF(E56*J56*M56=0,"",IF((Q56*M56*N56*O56)/E56<IF(IFERROR(VLOOKUP(D56,NBR!$C:$D,2,0),J56)=IFERROR(VLOOKUP(D56,NBR!$C:$F,4,0),J56),J56*0.9,IFERROR(VLOOKUP(D56,NBR!$C:$D,2,0),J56*0.9)),"COLOCAR +"&TEXT(ROUNDUP((E56*J56)/(M56*N56*O56),0)-Q56,"0")&" luminaria(s)",IF((Q56*M56*N56*O56)/E56>IF(IFERROR(VLOOKUP(D56,NBR!$C:$F,4,0),J56)=IFERROR(VLOOKUP(D56,NBR!$C:$D,2,0),J56),J56*1.2,IFERROR(VLOOKUP(D56,NBR!$C:$F,4,0),J56*1.2)),IF(Q56=1,"Reduzir potencia luminaria","RETIRAR -"&TEXT(Q56-ROUNDUP((E56*IF(IFERROR(VLOOKUP(D56,NBR!$C:$F,4,0),J56)=J56,J56*1.2,IFERROR(VLOOKUP(D56,NBR!$C:$F,4,0),J56*1.2)))/(M56*N56*O56),0),"0")&" luminaria(s)"),"OK"))) -> #VALUE! | V56: =IF(E56*M56=0,"",ROUND((Q56*M56*N56*O56)/E56,0)) -> #VALUE!
E57: =IF(G57*H57=0,"",ROUND(G57*H57,2)) | J57: =IFERROR(VLOOKUP(D57,NBR!$C:$E,3,0),"") | K57: =IF(E57*F57*I57=0,"",(4*E57)/((F57)*I57)) -> #VALUE! | M57: =IFERROR(VLOOKUP(L57,LAMPADAS!$A:$B,2,0),"") | P57: =IF(AND(E57<>"",J57<>"",M57<>"",N57<>"",O57<>"",N57<>0,O57<>0), ROUNDUP((E57*J57)/(M57*N57*O57),0), "") | R57: =IFERROR(VLOOKUP(L57,#REF!,4,0),"") | S57: =IF(AND(Q57<>"",R57<>""),Q57*R57,"") | T57: =IF(E57*J57=0,"—",IF((Q57*M57*N57*O57)/E57<J57*0.9,"INSUFICIENTE -"&TEXT(ABS(((Q57*M57*N57*O57)/E57-J57)/J57)*100,"0")&"%",IF((Q57*M57*N57*O57)/E57>J57*1.31,"ACIMA +"&TEXT((((Q57*M57*N57*O57)/E57-J57)/J57)*100,"0")&"%","OK "&IF((Q57*M57*N57*O57)/E57>=J57,"+","")&TEXT((((Q57*M57*N57*O57)/E57-J57)/J57)*100,"0")&"%"))) -> #VALUE! | U57: =IF(E57*J57*M57=0,"",IF((Q57*M57*N57*O57)/E57<IF(IFERROR(VLOOKUP(D57,NBR!$C:$D,2,0),J57)=IFERROR(VLOOKUP(D57,NBR!$C:$F,4,0),J57),J57*0.9,IFERROR(VLOOKUP(D57,NBR!$C:$D,2,0),J57*0.9)),"COLOCAR +"&TEXT(ROUNDUP((E57*J57)/(M57*N57*O57),0)-Q57,"0")&" luminaria(s)",IF((Q57*M57*N57*O57)/E57>IF(IFERROR(VLOOKUP(D57,NBR!$C:$F,4,0),J57)=IFERROR(VLOOKUP(D57,NBR!$C:$D,2,0),J57),J57*1.2,IFERROR(VLOOKUP(D57,NBR!$C:$F,4,0),J57*1.2)),IF(Q57=1,"Reduzir potencia luminaria","RETIRAR -"&TEXT(Q57-ROUNDUP((E57*IF(IFERROR(VLOOKUP(D57,NBR!$C:$F,4,0),J57)=J57,J57*1.2,IFERROR(VLOOKUP(D57,NBR!$C:$F,4,0),J57*1.2)))/(M57*N57*O57),0),"0")&" luminaria(s)"),"OK"))) -> #VALUE! | V57: =IF(E57*M57=0,"",ROUND((Q57*M57*N57*O57)/E57,0)) -> #VALUE!
E58: =IF(G58*H58=0,"",ROUND(G58*H58,2)) | J58: =IFERROR(VLOOKUP(D58,NBR!$C:$E,3,0),"") | K58: =IF(E58*F58*I58=0,"",(4*E58)/((F58)*I58)) -> #VALUE! | M58: =IFERROR(VLOOKUP(L58,LAMPADAS!$A:$B,2,0),"") | P58: =IF(AND(E58<>"",J58<>"",M58<>"",N58<>"",O58<>"",N58<>0,O58<>0), ROUNDUP((E58*J58)/(M58*N58*O58),0), "") | R58: =IFERROR(VLOOKUP(L58,#REF!,4,0),"") | S58: =IF(AND(Q58<>"",R58<>""),Q58*R58,"") | T58: =IF(E58*J58=0,"—",IF((Q58*M58*N58*O58)/E58<J58*0.9,"INSUFICIENTE -"&TEXT(ABS(((Q58*M58*N58*O58)/E58-J58)/J58)*100,"0")&"%",IF((Q58*M58*N58*O58)/E58>J58*1.31,"ACIMA +"&TEXT((((Q58*M58*N58*O58)/E58-J58)/J58)*100,"0")&"%","OK "&IF((Q58*M58*N58*O58)/E58>=J58,"+","")&TEXT((((Q58*M58*N58*O58)/E58-J58)/J58)*100,"0")&"%"))) -> #VALUE! | U58: =IF(E58*J58*M58=0,"",IF((Q58*M58*N58*O58)/E58<IF(IFERROR(VLOOKUP(D58,NBR!$C:$D,2,0),J58)=IFERROR(VLOOKUP(D58,NBR!$C:$F,4,0),J58),J58*0.9,IFERROR(VLOOKUP(D58,NBR!$C:$D,2,0),J58*0.9)),"COLOCAR +"&TEXT(ROUNDUP((E58*J58)/(M58*N58*O58),0)-Q58,"0")&" luminaria(s)",IF((Q58*M58*N58*O58)/E58>IF(IFERROR(VLOOKUP(D58,NBR!$C:$F,4,0),J58)=IFERROR(VLOOKUP(D58,NBR!$C:$D,2,0),J58),J58*1.2,IFERROR(VLOOKUP(D58,NBR!$C:$F,4,0),J58*1.2)),IF(Q58=1,"Reduzir potencia luminaria","RETIRAR -"&TEXT(Q58-ROUNDUP((E58*IF(IFERROR(VLOOKUP(D58,NBR!$C:$F,4,0),J58)=J58,J58*1.2,IFERROR(VLOOKUP(D58,NBR!$C:$F,4,0),J58*1.2)))/(M58*N58*O58),0),"0")&" luminaria(s)"),"OK"))) -> #VALUE! | V58: =IF(E58*M58=0,"",ROUND((Q58*M58*N58*O58)/E58,0)) -> #VALUE!
E59: =IF(G59*H59=0,"",ROUND(G59*H59,2)) | J59: =IFERROR(VLOOKUP(D59,NBR!$C:$E,3,0),"") | K59: =IF(E59*F59*I59=0,"",(4*E59)/((F59)*I59)) -> #VALUE! | M59: =IFERROR(VLOOKUP(L59,LAMPADAS!$A:$B,2,0),"") | P59: =IF(AND(E59<>"",J59<>"",M59<>"",N59<>"",O59<>"",N59<>0,O59<>0), ROUNDUP((E59*J59)/(M59*N59*O59),0), "") | R59: =IFERROR(VLOOKUP(L59,#REF!,4,0),"") | S59: =IF(AND(Q59<>"",R59<>""),Q59*R59,"") | T59: =IF(E59*J59=0,"—",IF((Q59*M59*N59*O59)/E59<J59*0.9,"INSUFICIENTE -"&TEXT(ABS(((Q59*M59*N59*O59)/E59-J59)/J59)*100,"0")&"%",IF((Q59*M59*N59*O59)/E59>J59*1.31,"ACIMA +"&TEXT((((Q59*M59*N59*O59)/E59-J59)/J59)*100,"0")&"%","OK "&IF((Q59*M59*N59*O59)/E59>=J59,"+","")&TEXT((((Q59*M59*N59*O59)/E59-J59)/J59)*100,"0")&"%"))) -> #VALUE! | U59: =IF(E59*J59*M59=0,"",IF((Q59*M59*N59*O59)/E59<IF(IFERROR(VLOOKUP(D59,NBR!$C:$D,2,0),J59)=IFERROR(VLOOKUP(D59,NBR!$C:$F,4,0),J59),J59*0.9,IFERROR(VLOOKUP(D59,NBR!$C:$D,2,0),J59*0.9)),"COLOCAR +"&TEXT(ROUNDUP((E59*J59)/(M59*N59*O59),0)-Q59,"0")&" luminaria(s)",IF((Q59*M59*N59*O59)/E59>IF(IFERROR(VLOOKUP(D59,NBR!$C:$F,4,0),J59)=IFERROR(VLOOKUP(D59,NBR!$C:$D,2,0),J59),J59*1.2,IFERROR(VLOOKUP(D59,NBR!$C:$F,4,0),J59*1.2)),IF(Q59=1,"Reduzir potencia luminaria","RETIRAR -"&TEXT(Q59-ROUNDUP((E59*IF(IFERROR(VLOOKUP(D59,NBR!$C:$F,4,0),J59)=J59,J59*1.2,IFERROR(VLOOKUP(D59,NBR!$C:$F,4,0),J59*1.2)))/(M59*N59*O59),0),"0")&" luminaria(s)"),"OK"))) -> #VALUE! | V59: =IF(E59*M59=0,"",ROUND((Q59*M59*N59*O59)/E59,0)) -> #VALUE!
E60: =IF(G60*H60=0,"",ROUND(G60*H60,2)) | J60: =IFERROR(VLOOKUP(D60,NBR!$C:$E,3,0),"") | K60: =IF(E60*F60*I60=0,"",(4*E60)/((F60)*I60)) -> #VALUE! | M60: =IFERROR(VLOOKUP(L60,LAMPADAS!$A:$B,2,0),"") | P60: =IF(AND(E60<>"",J60<>"",M60<>"",N60<>"",O60<>"",N60<>0,O60<>0), ROUNDUP((E60*J60)/(M60*N60*O60),0), "") | R60: =IFERROR(VLOOKUP(L60,#REF!,4,0),"") | S60: =IF(AND(Q60<>"",R60<>""),Q60*R60,"") | T60: =IF(E60*J60=0,"—",IF((Q60*M60*N60*O60)/E60<J60*0.9,"INSUFICIENTE -"&TEXT(ABS(((Q60*M60*N60*O60)/E60-J60)/J60)*100,"0")&"%",IF((Q60*M60*N60*O60)/E60>J60*1.31,"ACIMA +"&TEXT((((Q60*M60*N60*O60)/E60-J60)/J60)*100,"0")&"%","OK "&IF((Q60*M60*N60*O60)/E60>=J60,"+","")&TEXT((((Q60*M60*N60*O60)/E60-J60)/J60)*100,"0")&"%"))) -> #VALUE! | U60: =IF(E60*J60*M60=0,"",IF((Q60*M60*N60*O60)/E60<IF(IFERROR(VLOOKUP(D60,NBR!$C:$D,2,0),J60)=IFERROR(VLOOKUP(D60,NBR!$C:$F,4,0),J60),J60*0.9,IFERROR(VLOOKUP(D60,NBR!$C:$D,2,0),J60*0.9)),"COLOCAR +"&TEXT(ROUNDUP((E60*J60)/(M60*N60*O60),0)-Q60,"0")&" luminaria(s)",IF((Q60*M60*N60*O60)/E60>IF(IFERROR(VLOOKUP(D60,NBR!$C:$F,4,0),J60)=IFERROR(VLOOKUP(D60,NBR!$C:$D,2,0),J60),J60*1.2,IFERROR(VLOOKUP(D60,NBR!$C:$F,4,0),J60*1.2)),IF(Q60=1,"Reduzir potencia luminaria","RETIRAR -"&TEXT(Q60-ROUNDUP((E60*IF(IFERROR(VLOOKUP(D60,NBR!$C:$F,4,0),J60)=J60,J60*1.2,IFERROR(VLOOKUP(D60,NBR!$C:$F,4,0),J60*1.2)))/(M60*N60*O60),0),"0")&" luminaria(s)"),"OK"))) -> #VALUE! | V60: =IF(E60*M60=0,"",ROUND((Q60*M60*N60*O60)/E60,0)) -> #VALUE!
E61: =IF(G61*H61=0,"",ROUND(G61*H61,2)) | J61: =IFERROR(VLOOKUP(D61,NBR!$C:$E,3,0),"") | K61: =IF(E61*F61*I61=0,"",(4*E61)/((F61)*I61)) -> #VALUE! | M61: =IFERROR(VLOOKUP(L61,LAMPADAS!$A:$B,2,0),"") | P61: =IF(AND(E61<>"",J61<>"",M61<>"",N61<>"",O61<>"",N61<>0,O61<>0), ROUNDUP((E61*J61)/(M61*N61*O61),0), "") | R61: =IFERROR(VLOOKUP(L61,#REF!,4,0),"") | S61: =IF(AND(Q61<>"",R61<>""),Q61*R61,"") | T61: =IF(E61*J61=0,"—",IF((Q61*M61*N61*O61)/E61<J61*0.9,"INSUFICIENTE -"&TEXT(ABS(((Q61*M61*N61*O61)/E61-J61)/J61)*100,"0")&"%",IF((Q61*M61*N61*O61)/E61>J61*1.31,"ACIMA +"&TEXT((((Q61*M61*N61*O61)/E61-J61)/J61)*100,"0")&"%","OK "&IF((Q61*M61*N61*O61)/E61>=J61,"+","")&TEXT((((Q61*M61*N61*O61)/E61-J61)/J61)*100,"0")&"%"))) -> #VALUE! | U61: =IF(E61*J61*M61=0,"",IF((Q61*M61*N61*O61)/E61<IF(IFERROR(VLOOKUP(D61,NBR!$C:$D,2,0),J61)=IFERROR(VLOOKUP(D61,NBR!$C:$F,4,0),J61),J61*0.9,IFERROR(VLOOKUP(D61,NBR!$C:$D,2,0),J61*0.9)),"COLOCAR +"&TEXT(ROUNDUP((E61*J61)/(M61*N61*O61),0)-Q61,"0")&" luminaria(s)",IF((Q61*M61*N61*O61)/E61>IF(IFERROR(VLOOKUP(D61,NBR!$C:$F,4,0),J61)=IFERROR(VLOOKUP(D61,NBR!$C:$D,2,0),J61),J61*1.2,IFERROR(VLOOKUP(D61,NBR!$C:$F,4,0),J61*1.2)),IF(Q61=1,"Reduzir potencia luminaria","RETIRAR -"&TEXT(Q61-ROUNDUP((E61*IF(IFERROR(VLOOKUP(D61,NBR!$C:$F,4,0),J61)=J61,J61*1.2,IFERROR(VLOOKUP(D61,NBR!$C:$F,4,0),J61*1.2)))/(M61*N61*O61),0),"0")&" luminaria(s)"),"OK"))) -> #VALUE! | V61: =IF(E61*M61=0,"",ROUND((Q61*M61*N61*O61)/E61,0)) -> #VALUE!
... E151: =IF(G151*H151=0,"",ROUND(G151*H151,2)) | J151: =IFERROR(VLOOKUP(D151,NBR!$C:$E,3,0),"") | K151: =IF(E151*F151*I151=0,"",(4*E151)/((F151)*I151)) -> #VALUE! | M151: =IFERROR(VLOOKUP(L151,LAMPADAS!$A:$B,2,0),"") | P151: =IF(AND(E151<>"",J151<>"",M151<>"",N151<>"",O151<>"",N151<>0,O151<>0), ROUNDUP((E151*J151)/(M151*N151*O151),0), "") | R151: =IFERROR(VLOOKUP(L151,#REF!,4,0),"") | S151: =IF(AND(Q151<>"",R151<>""),Q151*R151,"") | T151: =IF(E151*J151=0,"—",IF((Q151*M151*N151*O151)/E151<J151*0.9,"INSUFICIENTE -"&TEXT(ABS(((Q151*M151*N151*O151)/E151-J151)/J151)*100,"0")&"%",IF((Q151*M151*N151*O151)/E151>J151*1.31,"ACIMA +"&TEXT((((Q151*M151*N151*O151)/E151-J151)/J151)*100,"0")&"%","OK "&IF((Q151*M151*N151*O151)/E151>=J151,"+","")&TEXT((((Q151*M151*N151*O151)/E151-J151)/J151)*100,"0")&"%"))) -> #VALUE! | U151: =IF(E151*J151*M151=0,"",IF((Q151*M151*N151*O151)/E151<IF(IFERROR(VLOOKUP(D151,NBR!$C:$D,2,0),J151)=IFERROR(VLOOKUP(D151,NBR!$C:$F,4,0),J151),J151*0.9,IFERROR(VLOOKUP(D151,NBR!$C:$D,2,0),J151*0.9)),"COLOCAR +"&TEXT(ROUNDUP((E151*J151)/(M151*N151*O151),0)-Q151,"0")&" luminaria(s)",IF((Q151*M151*N151*O151)/E151>IF(IFERROR(VLOOKUP(D151,NBR!$C:$F,4,0),J151)=IFERROR(VLOOKUP(D151,NBR!$C:$D,2,0),J151),J151*1.2,IFERROR(VLOOKUP(D151,NBR!$C:$F,4,0),J151*1.2)),IF(Q151=1,"Reduzir potencia luminaria","RETIRAR -"&TEXT(Q151-ROUNDUP((E151*IF(IFERROR(VLOOKUP(D151,NBR!$C:$F,4,0),J151)=J151,J151*1.2,IFERROR(VLOOKUP(D151,NBR!$C:$F,4,0),J151*1.2)))/(M151*N151*O151),0),"0")&" luminaria(s)"),"OK"))) -> #VALUE! | V151: =IF(E151*M151=0,"",ROUND((Q151*M151*N151*O151)/E151,0)) -> #VALUE!
E152: =IF(G152*H152=0,"",ROUND(G152*H152,2)) | J152: =IFERROR(VLOOKUP(D152,NBR!$C:$E,3,0),"") | K152: =IF(E152*F152*I152=0,"",(4*E152)/((F152)*I152)) -> #VALUE! | M152: =IFERROR(VLOOKUP(L152,#REF!,2,0),"") | P152: =IF(AND(E152<>"",J152<>"",M152<>"",N152<>"",O152<>"",N152<>0,O152<>0), ROUNDUP((E152*J152)/(M152*N152*O152),0), "") | R152: =IFERROR(VLOOKUP(L152,#REF!,4,0),"") | S152: =IF(AND(Q152<>"",R152<>""),Q152*R152,"") | T152: =IF(E152*J152=0,"—",IF((Q152*M152*N152*O152)/E152<J152*0.9,"INSUFICIENTE -"&TEXT(ABS(((Q152*M152*N152*O152)/E152-J152)/J152)*100,"0")&"%",IF((Q152*M152*N152*O152)/E152>J152*1.31,"ACIMA +"&TEXT((((Q152*M152*N152*O152)/E152-J152)/J152)*100,"0")&"%","OK "&IF((Q152*M152*N152*O152)/E152>=J152,"+","")&TEXT((((Q152*M152*N152*O152)/E152-J152)/J152)*100,"0")&"%"))) -> #VALUE! | U152: =IF(E152*J152*M152=0,"",IF((Q152*M152*N152*O152)/E152<IF(IFERROR(VLOOKUP(D152,NBR!$C:$D,2,0),J152)=IFERROR(VLOOKUP(D152,NBR!$C:$F,4,0),J152),J152*0.9,IFERROR(VLOOKUP(D152,NBR!$C:$D,2,0),J152*0.9)),"COLOCAR +"&TEXT(ROUNDUP((E152*J152)/(M152*N152*O152),0)-Q152,"0")&" luminaria(s)",IF((Q152*M152*N152*O152)/E152>IF(IFERROR(VLOOKUP(D152,NBR!$C:$F,4,0),J152)=IFERROR(VLOOKUP(D152,NBR!$C:$D,2,0),J152),J152*1.2,IFERROR(VLOOKUP(D152,NBR!$C:$F,4,0),J152*1.2)),IF(Q152=1,"Reduzir potencia luminaria","RETIRAR -"&TEXT(Q152-ROUNDUP((E152*IF(IFERROR(VLOOKUP(D152,NBR!$C:$F,4,0),J152)=J152,J152*1.2,IFERROR(VLOOKUP(D152,NBR!$C:$F,4,0),J152*1.2)))/(M152*N152*O152),0),"0")&" luminaria(s)"),"OK"))) -> #VALUE! | V152: =IF(E152*M152=0,"",ROUND((Q152*M152*N152*O152)/E152,0)) -> #VALUE!
E153: =IF(G153*H153=0,"",ROUND(G153*H153,2)) | J153: =IFERROR(VLOOKUP(D153,NBR!$C:$E,3,0),"") | K153: =IF(E153*F153*I153=0,"",(4*E153)/((F153)*I153)) -> #VALUE! | M153: =IFERROR(VLOOKUP(L153,#REF!,2,0),"") | P153: =IF(AND(E153<>"",J153<>"",M153<>"",N153<>"",O153<>"",N153<>0,O153<>0), ROUNDUP((E153*J153)/(M153*N153*O153),0), "") | R153: =IFERROR(VLOOKUP(L153,#REF!,4,0),"") | S153: =IF(AND(Q153<>"",R153<>""),Q153*R153,"") | T153: =IF(E153*J153=0,"—",IF((Q153*M153*N153*O153)/E153<J153*0.9,"INSUFICIENTE -"&TEXT(ABS(((Q153*M153*N153*O153)/E153-J153)/J153)*100,"0")&"%",IF((Q153*M153*N153*O153)/E153>J153*1.31,"ACIMA +"&TEXT((((Q153*M153*N153*O153)/E153-J153)/J153)*100,"0")&"%","OK "&IF((Q153*M153*N153*O153)/E153>=J153,"+","")&TEXT((((Q153*M153*N153*O153)/E153-J153)/J153)*100,"0")&"%"))) -> #VALUE! | U153: =IF(E153*J153*M153=0,"",IF((Q153*M153*N153*O153)/E153<IF(IFERROR(VLOOKUP(D153,NBR!$C:$D,2,0),J153)=IFERROR(VLOOKUP(D153,NBR!$C:$F,4,0),J153),J153*0.9,IFERROR(VLOOKUP(D153,NBR!$C:$D,2,0),J153*0.9)),"COLOCAR +"&TEXT(ROUNDUP((E153*J153)/(M153*N153*O153),0)-Q153,"0")&" luminaria(s)",IF((Q153*M153*N153*O153)/E153>IF(IFERROR(VLOOKUP(D153,NBR!$C:$F,4,0),J153)=IFERROR(VLOOKUP(D153,NBR!$C:$D,2,0),J153),J153*1.2,IFERROR(VLOOKUP(D153,NBR!$C:$F,4,0),J153*1.2)),IF(Q153=1,"Reduzir potencia luminaria","RETIRAR -"&TEXT(Q153-ROUNDUP((E153*IF(IFERROR(VLOOKUP(D153,NBR!$C:$F,4,0),J153)=J153,J153*1.2,IFERROR(VLOOKUP(D153,NBR!$C:$F,4,0),J153*1.2)))/(M153*N153*O153),0),"0")&" luminaria(s)"),"OK"))) -> #VALUE! | V153: =IF(E153*M153=0,"",ROUND((Q153*M153*N153*O153)/E153,0)) -> #VALUE!
E154: =IF(G154*H154=0,"",ROUND(G154*H154,2)) | J154: =IFERROR(VLOOKUP(D154,NBR!$C:$E,3,0),"") | K154: =IF(E154*F154*I154=0,"",(4*E154)/((F154)*I154)) -> #VALUE! | M154: =IFERROR(VLOOKUP(L154,#REF!,2,0),"") | P154: =IF(AND(E154<>"",J154<>"",M154<>"",N154<>"",O154<>"",N154<>0,O154<>0), ROUNDUP((E154*J154)/(M154*N154*O154),0), "") | R154: =IFERROR(VLOOKUP(L154,#REF!,4,0),"") | S154: =IF(AND(Q154<>"",R154<>""),Q154*R154,"") | T154: =IF(E154*J154=0,"—",IF((Q154*M154*N154*O154)/E154<J154*0.9,"INSUFICIENTE -"&TEXT(ABS(((Q154*M154*N154*O154)/E154-J154)/J154)*100,"0")&"%",IF((Q154*M154*N154*O154)/E154>J154*1.31,"ACIMA +"&TEXT((((Q154*M154*N154*O154)/E154-J154)/J154)*100,"0")&"%","OK "&IF((Q154*M154*N154*O154)/E154>=J154,"+","")&TEXT((((Q154*M154*N154*O154)/E154-J154)/J154)*100,"0")&"%"))) -> #VALUE! | U154: =IF(E154*J154*M154=0,"",IF((Q154*M154*N154*O154)/E154<IF(IFERROR(VLOOKUP(D154,NBR!$C:$D,2,0),J154)=IFERROR(VLOOKUP(D154,NBR!$C:$F,4,0),J154),J154*0.9,IFERROR(VLOOKUP(D154,NBR!$C:$D,2,0),J154*0.9)),"COLOCAR +"&TEXT(ROUNDUP((E154*J154)/(M154*N154*O154),0)-Q154,"0")&" luminaria(s)",IF((Q154*M154*N154*O154)/E154>IF(IFERROR(VLOOKUP(D154,NBR!$C:$F,4,0),J154)=IFERROR(VLOOKUP(D154,NBR!$C:$D,2,0),J154),J154*1.2,IFERROR(VLOOKUP(D154,NBR!$C:$F,4,0),J154*1.2)),IF(Q154=1,"Reduzir potencia luminaria","RETIRAR -"&TEXT(Q154-ROUNDUP((E154*IF(IFERROR(VLOOKUP(D154,NBR!$C:$F,4,0),J154)=J154,J154*1.2,IFERROR(VLOOKUP(D154,NBR!$C:$F,4,0),J154*1.2)))/(M154*N154*O154),0),"0")&" luminaria(s)"),"OK"))) -> #VALUE! | V154: =IF(E154*M154=0,"",ROUND((Q154*M154*N154*O154)/E154,0)) -> #VALUE!
E155: =IF(G155*H155=0,"",ROUND(G155*H155,2)) | J155: =IFERROR(VLOOKUP(D155,NBR!$C:$E,3,0),"") | K155: =IF(E155*F155*I155=0,"",(4*E155)/((F155)*I155)) -> #VALUE! | M155: =IFERROR(VLOOKUP(L155,#REF!,2,0),"") | P155: =IF(AND(E155<>"",J155<>"",M155<>"",N155<>"",O155<>"",N155<>0,O155<>0), ROUNDUP((E155*J155)/(M155*N155*O155),0), "") | R155: =IFERROR(VLOOKUP(L155,#REF!,4,0),"") | S155: =IF(AND(Q155<>"",R155<>""),Q155*R155,"") | T155: =IF(E155*J155=0,"—",IF((Q155*M155*N155*O155)/E155<J155*0.9,"INSUFICIENTE -"&TEXT(ABS(((Q155*M155*N155*O155)/E155-J155)/J155)*100,"0")&"%",IF((Q155*M155*N155*O155)/E155>J155*1.31,"ACIMA +"&TEXT((((Q155*M155*N155*O155)/E155-J155)/J155)*100,"0")&"%","OK "&IF((Q155*M155*N155*O155)/E155>=J155,"+","")&TEXT((((Q155*M155*N155*O155)/E155-J155)/J155)*100,"0")&"%"))) -> #VALUE! | U155: =IF(E155*J155*M155=0,"",IF((Q155*M155*N155*O155)/E155<IF(IFERROR(VLOOKUP(D155,NBR!$C:$D,2,0),J155)=IFERROR(VLOOKUP(D155,NBR!$C:$F,4,0),J155),J155*0.9,IFERROR(VLOOKUP(D155,NBR!$C:$D,2,0),J155*0.9)),"COLOCAR +"&TEXT(ROUNDUP((E155*J155)/(M155*N155*O155),0)-Q155,"0")&" luminaria(s)",IF((Q155*M155*N155*O155)/E155>IF(IFERROR(VLOOKUP(D155,NBR!$C:$F,4,0),J155)=IFERROR(VLOOKUP(D155,NBR!$C:$D,2,0),J155),J155*1.2,IFERROR(VLOOKUP(D155,NBR!$C:$F,4,0),J155*1.2)),IF(Q155=1,"Reduzir potencia luminaria","RETIRAR -"&TEXT(Q155-ROUNDUP((E155*IF(IFERROR(VLOOKUP(D155,NBR!$C:$F,4,0),J155)=J155,J155*1.2,IFERROR(VLOOKUP(D155,NBR!$C:$F,4,0),J155*1.2)))/(M155*N155*O155),0),"0")&" luminaria(s)"),"OK"))) -> #VALUE! | V155: =IF(E155*M155=0,"",ROUND((Q155*M155*N155*O155)/E155,0)) -> #VALUE!
E156: =IF(G156*H156=0,"",ROUND(G156*H156,2)) | J156: =IFERROR(VLOOKUP(D156,NBR!$C:$E,3,0),"") | K156: =IF(E156*F156*I156=0,"",(4*E156)/((F156)*I156)) -> #VALUE! | M156: =IFERROR(VLOOKUP(L156,#REF!,2,0),"") | P156: =IF(AND(E156<>"",J156<>"",M156<>"",N156<>"",O156<>"",N156<>0,O156<>0), ROUNDUP((E156*J156)/(M156*N156*O156),0), "") | R156: =IFERROR(VLOOKUP(L156,#REF!,4,0),"") | S156: =IF(AND(Q156<>"",R156<>""),Q156*R156,"") | T156: =IF(E156*J156=0,"—",IF((Q156*M156*N156*O156)/E156<J156*0.9,"INSUFICIENTE -"&TEXT(ABS(((Q156*M156*N156*O156)/E156-J156)/J156)*100,"0")&"%",IF((Q156*M156*N156*O156)/E156>J156*1.31,"ACIMA +"&TEXT((((Q156*M156*N156*O156)/E156-J156)/J156)*100,"0")&"%","OK "&IF((Q156*M156*N156*O156)/E156>=J156,"+","")&TEXT((((Q156*M156*N156*O156)/E156-J156)/J156)*100,"0")&"%"))) -> #VALUE! | U156: =IF(E156*J156*M156=0,"",IF((Q156*M156*N156*O156)/E156<IF(IFERROR(VLOOKUP(D156,NBR!$C:$D,2,0),J156)=IFERROR(VLOOKUP(D156,NBR!$C:$F,4,0),J156),J156*0.9,IFERROR(VLOOKUP(D156,NBR!$C:$D,2,0),J156*0.9)),"COLOCAR +"&TEXT(ROUNDUP((E156*J156)/(M156*N156*O156),0)-Q156,"0")&" luminaria(s)",IF((Q156*M156*N156*O156)/E156>IF(IFERROR(VLOOKUP(D156,NBR!$C:$F,4,0),J156)=IFERROR(VLOOKUP(D156,NBR!$C:$D,2,0),J156),J156*1.2,IFERROR(VLOOKUP(D156,NBR!$C:$F,4,0),J156*1.2)),IF(Q156=1,"Reduzir potencia luminaria","RETIRAR -"&TEXT(Q156-ROUNDUP((E156*IF(IFERROR(VLOOKUP(D156,NBR!$C:$F,4,0),J156)=J156,J156*1.2,IFERROR(VLOOKUP(D156,NBR!$C:$F,4,0),J156*1.2)))/(M156*N156*O156),0),"0")&" luminaria(s)"),"OK"))) -> #VALUE! | V156: =IF(E156*M156=0,"",ROUND((Q156*M156*N156*O156)/E156,0)) -> #VALUE!
E157: =IF(G157*H157=0,"",ROUND(G157*H157,2)) | J157: =IFERROR(VLOOKUP(D157,NBR!$C:$E,3,0),"") | K157: =IF(E157*F157*I157=0,"",(4*E157)/((F157)*I157)) -> #VALUE! | M157: =IFERROR(VLOOKUP(L157,#REF!,2,0),"") | P157: =IF(AND(E157<>"",J157<>"",M157<>"",N157<>"",O157<>"",N157<>0,O157<>0), ROUNDUP((E157*J157)/(M157*N157*O157),0), "") | R157: =IFERROR(VLOOKUP(L157,#REF!,4,0),"") | S157: =IF(AND(Q157<>"",R157<>""),Q157*R157,"") | T157: =IF(E157*J157=0,"—",IF((Q157*M157*N157*O157)/E157<J157*0.9,"INSUFICIENTE -"&TEXT(ABS(((Q157*M157*N157*O157)/E157-J157)/J157)*100,"0")&"%",IF((Q157*M157*N157*O157)/E157>J157*1.31,"ACIMA +"&TEXT((((Q157*M157*N157*O157)/E157-J157)/J157)*100,"0")&"%","OK "&IF((Q157*M157*N157*O157)/E157>=J157,"+","")&TEXT((((Q157*M157*N157*O157)/E157-J157)/J157)*100,"0")&"%"))) -> #VALUE! | U157: =IF(E157*J157*M157=0,"",IF((Q157*M157*N157*O157)/E157<IF(IFERROR(VLOOKUP(D157,NBR!$C:$D,2,0),J157)=IFERROR(VLOOKUP(D157,NBR!$C:$F,4,0),J157),J157*0.9,IFERROR(VLOOKUP(D157,NBR!$C:$D,2,0),J157*0.9)),"COLOCAR +"&TEXT(ROUNDUP((E157*J157)/(M157*N157*O157),0)-Q157,"0")&" luminaria(s)",IF((Q157*M157*N157*O157)/E157>IF(IFERROR(VLOOKUP(D157,NBR!$C:$F,4,0),J157)=IFERROR(VLOOKUP(D157,NBR!$C:$D,2,0),J157),J157*1.2,IFERROR(VLOOKUP(D157,NBR!$C:$F,4,0),J157*1.2)),IF(Q157=1,"Reduzir potencia luminaria","RETIRAR -"&TEXT(Q157-ROUNDUP((E157*IF(IFERROR(VLOOKUP(D157,NBR!$C:$F,4,0),J157)=J157,J157*1.2,IFERROR(VLOOKUP(D157,NBR!$C:$F,4,0),J157*1.2)))/(M157*N157*O157),0),"0")&" luminaria(s)"),"OK"))) -> #VALUE! | V157: =IF(E157*M157=0,"",ROUND((Q157*M157*N157*O157)/E157,0)) -> #VALUE!
E158: =IF(G158*H158=0,"",ROUND(G158*H158,2)) | J158: =IFERROR(VLOOKUP(D158,NBR!$C:$E,3,0),"") | K158: =IF(E158*F158*I158=0,"",(4*E158)/((F158)*I158)) -> #VALUE! | M158: =IFERROR(VLOOKUP(L158,#REF!,2,0),"") | P158: =IF(AND(E158<>"",J158<>"",M158<>"",N158<>"",O158<>"",N158<>0,O158<>0), ROUNDUP((E158*J158)/(M158*N158*O158),0), "") | R158: =IFERROR(VLOOKUP(L158,#REF!,4,0),"") | S158: =IF(AND(Q158<>"",R158<>""),Q158*R158,"") | T158: =IF(E158*J158=0,"—",IF((Q158*M158*N158*O158)/E158<J158*0.9,"INSUFICIENTE -"&TEXT(ABS(((Q158*M158*N158*O158)/E158-J158)/J158)*100,"0")&"%",IF((Q158*M158*N158*O158)/E158>J158*1.31,"ACIMA +"&TEXT((((Q158*M158*N158*O158)/E158-J158)/J158)*100,"0")&"%","OK "&IF((Q158*M158*N158*O158)/E158>=J158,"+","")&TEXT((((Q158*M158*N158*O158)/E158-J158)/J158)*100,"0")&"%"))) -> #VALUE! | U158: =IF(E158*J158*M158=0,"",IF((Q158*M158*N158*O158)/E158<IF(IFERROR(VLOOKUP(D158,NBR!$C:$D,2,0),J158)=IFERROR(VLOOKUP(D158,NBR!$C:$F,4,0),J158),J158*0.9,IFERROR(VLOOKUP(D158,NBR!$C:$D,2,0),J158*0.9)),"COLOCAR +"&TEXT(ROUNDUP((E158*J158)/(M158*N158*O158),0)-Q158,"0")&" luminaria(s)",IF((Q158*M158*N158*O158)/E158>IF(IFERROR(VLOOKUP(D158,NBR!$C:$F,4,0),J158)=IFERROR(VLOOKUP(D158,NBR!$C:$D,2,0),J158),J158*1.2,IFERROR(VLOOKUP(D158,NBR!$C:$F,4,0),J158*1.2)),IF(Q158=1,"Reduzir potencia luminaria","RETIRAR -"&TEXT(Q158-ROUNDUP((E158*IF(IFERROR(VLOOKUP(D158,NBR!$C:$F,4,0),J158)=J158,J158*1.2,IFERROR(VLOOKUP(D158,NBR!$C:$F,4,0),J158*1.2)))/(M158*N158*O158),0),"0")&" luminaria(s)"),"OK"))) -> #VALUE! | V158: =IF(E158*M158=0,"",ROUND((Q158*M158*N158*O158)/E158,0)) -> #VALUE!
E159: =IF(G159*H159=0,"",ROUND(G159*H159,2)) | J159: =IFERROR(VLOOKUP(D159,NBR!$C:$E,3,0),"") | K159: =IF(E159*F159*I159=0,"",(4*E159)/((F159)*I159)) -> #VALUE! | M159: =IFERROR(VLOOKUP(L159,#REF!,2,0),"") | P159: =IF(AND(E159<>"",J159<>"",M159<>"",N159<>"",O159<>"",N159<>0,O159<>0), ROUNDUP((E159*J159)/(M159*N159*O159),0), "") | R159: =IFERROR(VLOOKUP(L159,#REF!,4,0),"") | S159: =IF(AND(Q159<>"",R159<>""),Q159*R159,"") | T159: =IF(E159*J159=0,"—",IF((Q159*M159*N159*O159)/E159<J159*0.9,"INSUFICIENTE -"&TEXT(ABS(((Q159*M159*N159*O159)/E159-J159)/J159)*100,"0")&"%",IF((Q159*M159*N159*O159)/E159>J159*1.31,"ACIMA +"&TEXT((((Q159*M159*N159*O159)/E159-J159)/J159)*100,"0")&"%","OK "&IF((Q159*M159*N159*O159)/E159>=J159,"+","")&TEXT((((Q159*M159*N159*O159)/E159-J159)/J159)*100,"0")&"%"))) -> #VALUE! | U159: =IF(E159*J159*M159=0,"",IF((Q159*M159*N159*O159)/E159<IF(IFERROR(VLOOKUP(D159,NBR!$C:$D,2,0),J159)=IFERROR(VLOOKUP(D159,NBR!$C:$F,4,0),J159),J159*0.9,IFERROR(VLOOKUP(D159,NBR!$C:$D,2,0),J159*0.9)),"COLOCAR +"&TEXT(ROUNDUP((E159*J159)/(M159*N159*O159),0)-Q159,"0")&" luminaria(s)",IF((Q159*M159*N159*O159)/E159>IF(IFERROR(VLOOKUP(D159,NBR!$C:$F,4,0),J159)=IFERROR(VLOOKUP(D159,NBR!$C:$D,2,0),J159),J159*1.2,IFERROR(VLOOKUP(D159,NBR!$C:$F,4,0),J159*1.2)),IF(Q159=1,"Reduzir potencia luminaria","RETIRAR -"&TEXT(Q159-ROUNDUP((E159*IF(IFERROR(VLOOKUP(D159,NBR!$C:$F,4,0),J159)=J159,J159*1.2,IFERROR(VLOOKUP(D159,NBR!$C:$F,4,0),J159*1.2)))/(M159*N159*O159),0),"0")&" luminaria(s)"),"OK"))) -> #VALUE! | V159: =IF(E159*M159=0,"",ROUND((Q159*M159*N159*O159)/E159,0)) -> #VALUE!
E160: =IF(G160*H160=0,"",ROUND(G160*H160,2)) | J160: =IFERROR(VLOOKUP(D160,NBR!$C:$E,3,0),"") | K160: =IF(E160*F160*I160=0,"",(4*E160)/((F160)*I160)) -> #VALUE! | M160: =IFERROR(VLOOKUP(L160,#REF!,2,0),"") | P160: =IF(AND(E160<>"",J160<>"",M160<>"",N160<>"",O160<>"",N160<>0,O160<>0), ROUNDUP((E160*J160)/(M160*N160*O160),0), "") | R160: =IFERROR(VLOOKUP(L160,#REF!,4,0),"") | S160: =IF(AND(Q160<>"",R160<>""),Q160*R160,"") | T160: =IF(E160*J160=0,"—",IF((Q160*M160*N160*O160)/E160<J160*0.9,"INSUFICIENTE -"&TEXT(ABS(((Q160*M160*N160*O160)/E160-J160)/J160)*100,"0")&"%",IF((Q160*M160*N160*O160)/E160>J160*1.31,"ACIMA +"&TEXT((((Q160*M160*N160*O160)/E160-J160)/J160)*100,"0")&"%","OK "&IF((Q160*M160*N160*O160)/E160>=J160,"+","")&TEXT((((Q160*M160*N160*O160)/E160-J160)/J160)*100,"0")&"%"))) -> #VALUE! | U160: =IF(E160*J160*M160=0,"",IF((Q160*M160*N160*O160)/E160<IF(IFERROR(VLOOKUP(D160,NBR!$C:$D,2,0),J160)=IFERROR(VLOOKUP(D160,NBR!$C:$F,4,0),J160),J160*0.9,IFERROR(VLOOKUP(D160,NBR!$C:$D,2,0),J160*0.9)),"COLOCAR +"&TEXT(ROUNDUP((E160*J160)/(M160*N160*O160),0)-Q160,"0")&" luminaria(s)",IF((Q160*M160*N160*O160)/E160>IF(IFERROR(VLOOKUP(D160,NBR!$C:$F,4,0),J160)=IFERROR(VLOOKUP(D160,NBR!$C:$D,2,0),J160),J160*1.2,IFERROR(VLOOKUP(D160,NBR!$C:$F,4,0),J160*1.2)),IF(Q160=1,"Reduzir potencia luminaria","RETIRAR -"&TEXT(Q160-ROUNDUP((E160*IF(IFERROR(VLOOKUP(D160,NBR!$C:$F,4,0),J160)=J160,J160*1.2,IFERROR(VLOOKUP(D160,NBR!$C:$F,4,0),J160*1.2)))/(M160*N160*O160),0),"0")&" luminaria(s)"),"OK"))) -> #VALUE! | V160: =IF(E160*M160=0,"",ROUND((Q160*M160*N160*O160)/E160,0)) -> #VALUE!
E161: =IF(G161*H161=0,"",ROUND(G161*H161,2)) | J161: =IFERROR(VLOOKUP(D161,NBR!$C:$E,3,0),"") | K161: =IF(E161*F161*I161=0,"",(4*E161)/((F161)*I161)) -> #VALUE! | M161: =IFERROR(VLOOKUP(L161,#REF!,2,0),"") | P161: =IF(AND(E161<>"",J161<>"",M161<>"",N161<>"",O161<>"",N161<>0,O161<>0), ROUNDUP((E161*J161)/(M161*N161*O161),0), "") | R161: =IFERROR(VLOOKUP(L161,#REF!,4,0),"") | S161: =IF(AND(Q161<>"",R161<>""),Q161*R161,"") | T161: =IF(E161*J161=0,"—",IF((Q161*M161*N161*O161)/E161<J161*0.9,"INSUFICIENTE -"&TEXT(ABS(((Q161*M161*N161*O161)/E161-J161)/J161)*100,"0")&"%",IF((Q161*M161*N161*O161)/E161>J161*1.31,"ACIMA +"&TEXT((((Q161*M161*N161*O161)/E161-J161)/J161)*100,"0")&"%","OK "&IF((Q161*M161*N161*O161)/E161>=J161,"+","")&TEXT((((Q161*M161*N161*O161)/E161-J161)/J161)*100,"0")&"%"))) -> #VALUE! | U161: =IF(E161*J161*M161=0,"",IF((Q161*M161*N161*O161)/E161<IF(IFERROR(VLOOKUP(D161,NBR!$C:$D,2,0),J161)=IFERROR(VLOOKUP(D161,NBR!$C:$F,4,0),J161),J161*0.9,IFERROR(VLOOKUP(D161,NBR!$C:$D,2,0),J161*0.9)),"COLOCAR +"&TEXT(ROUNDUP((E161*J161)/(M161*N161*O161),0)-Q161,"0")&" luminaria(s)",IF((Q161*M161*N161*O161)/E161>IF(IFERROR(VLOOKUP(D161,NBR!$C:$F,4,0),J161)=IFERROR(VLOOKUP(D161,NBR!$C:$D,2,0),J161),J161*1.2,IFERROR(VLOOKUP(D161,NBR!$C:$F,4,0),J161*1.2)),IF(Q161=1,"Reduzir potencia luminaria","RETIRAR -"&TEXT(Q161-ROUNDUP((E161*IF(IFERROR(VLOOKUP(D161,NBR!$C:$F,4,0),J161)=J161,J161*1.2,IFERROR(VLOOKUP(D161,NBR!$C:$F,4,0),J161*1.2)))/(M161*N161*O161),0),"0")&" luminaria(s)"),"OK"))) -> #VALUE! | V161: =IF(E161*M161=0,"",ROUND((Q161*M161*N161*O161)/E161,0)) -> #VALUE!
E162: =IF(G162*H162=0,"",ROUND(G162*H162,2)) | J162: =IFERROR(VLOOKUP(D162,NBR!$C:$E,3,0),"") | K162: =IF(E162*F162*I162=0,"",(4*E162)/((F162)*I162)) -> #VALUE! | M162: =IFERROR(VLOOKUP(L162,#REF!,2,0),"") | P162: =IF(AND(E162<>"",J162<>"",M162<>"",N162<>"",O162<>"",N162<>0,O162<>0), ROUNDUP((E162*J162)/(M162*N162*O162),0), "") | R162: =IFERROR(VLOOKUP(L162,#REF!,4,0),"") | S162: =IF(AND(Q162<>"",R162<>""),Q162*R162,"") | T162: =IF(E162*J162=0,"—",IF((Q162*M162*N162*O162)/E162<J162*0.9,"INSUFICIENTE -"&TEXT(ABS(((Q162*M162*N162*O162)/E162-J162)/J162)*100,"0")&"%",IF((Q162*M162*N162*O162)/E162>J162*1.31,"ACIMA +"&TEXT((((Q162*M162*N162*O162)/E162-J162)/J162)*100,"0")&"%","OK "&IF((Q162*M162*N162*O162)/E162>=J162,"+","")&TEXT((((Q162*M162*N162*O162)/E162-J162)/J162)*100,"0")&"%"))) -> #VALUE! | U162: =IF(E162*J162*M162=0,"",IF((Q162*M162*N162*O162)/E162<IF(IFERROR(VLOOKUP(D162,NBR!$C:$D,2,0),J162)=IFERROR(VLOOKUP(D162,NBR!$C:$F,4,0),J162),J162*0.9,IFERROR(VLOOKUP(D162,NBR!$C:$D,2,0),J162*0.9)),"COLOCAR +"&TEXT(ROUNDUP((E162*J162)/(M162*N162*O162),0)-Q162,"0")&" luminaria(s)",IF((Q162*M162*N162*O162)/E162>IF(IFERROR(VLOOKUP(D162,NBR!$C:$F,4,0),J162)=IFERROR(VLOOKUP(D162,NBR!$C:$D,2,0),J162),J162*1.2,IFERROR(VLOOKUP(D162,NBR!$C:$F,4,0),J162*1.2)),IF(Q162=1,"Reduzir potencia luminaria","RETIRAR -"&TEXT(Q162-ROUNDUP((E162*IF(IFERROR(VLOOKUP(D162,NBR!$C:$F,4,0),J162)=J162,J162*1.2,IFERROR(VLOOKUP(D162,NBR!$C:$F,4,0),J162*1.2)))/(M162*N162*O162),0),"0")&" luminaria(s)"),"OK"))) -> #VALUE! | V162: =IF(E162*M162=0,"",ROUND((Q162*M162*N162*O162)/E162,0)) -> #VALUE!
E163: =IF(G163*H163=0,"",ROUND(G163*H163,2)) | J163: =IFERROR(VLOOKUP(D163,NBR!$C:$E,3,0),"") | K163: =IF(E163*F163*I163=0,"",(4*E163)/((F163)*I163)) -> #VALUE! | M163: =IFERROR(VLOOKUP(L163,#REF!,2,0),"") | P163: =IF(AND(E163<>"",J163<>"",M163<>"",N163<>"",O163<>"",N163<>0,O163<>0), ROUNDUP((E163*J163)/(M163*N163*O163),0), "") | R163: =IFERROR(VLOOKUP(L163,#REF!,4,0),"") | S163: =IF(AND(Q163<>"",R163<>""),Q163*R163,"") | T163: =IF(E163*J163=0,"—",IF((Q163*M163*N163*O163)/E163<J163*0.9,"INSUFICIENTE -"&TEXT(ABS(((Q163*M163*N163*O163)/E163-J163)/J163)*100,"0")&"%",IF((Q163*M163*N163*O163)/E163>J163*1.31,"ACIMA +"&TEXT((((Q163*M163*N163*O163)/E163-J163)/J163)*100,"0")&"%","OK "&IF((Q163*M163*N163*O163)/E163>=J163,"+","")&TEXT((((Q163*M163*N163*O163)/E163-J163)/J163)*100,"0")&"%"))) -> #VALUE! | U163: =IF(E163*J163*M163=0,"",IF((Q163*M163*N163*O163)/E163<IF(IFERROR(VLOOKUP(D163,NBR!$C:$D,2,0),J163)=IFERROR(VLOOKUP(D163,NBR!$C:$F,4,0),J163),J163*0.9,IFERROR(VLOOKUP(D163,NBR!$C:$D,2,0),J163*0.9)),"COLOCAR +"&TEXT(ROUNDUP((E163*J163)/(M163*N163*O163),0)-Q163,"0")&" luminaria(s)",IF((Q163*M163*N163*O163)/E163>IF(IFERROR(VLOOKUP(D163,NBR!$C:$F,4,0),J163)=IFERROR(VLOOKUP(D163,NBR!$C:$D,2,0),J163),J163*1.2,IFERROR(VLOOKUP(D163,NBR!$C:$F,4,0),J163*1.2)),IF(Q163=1,"Reduzir potencia luminaria","RETIRAR -"&TEXT(Q163-ROUNDUP((E163*IF(IFERROR(VLOOKUP(D163,NBR!$C:$F,4,0),J163)=J163,J163*1.2,IFERROR(VLOOKUP(D163,NBR!$C:$F,4,0),J163*1.2)))/(M163*N163*O163),0),"0")&" luminaria(s)"),"OK"))) -> #VALUE! | V163: =IF(E163*M163=0,"",ROUND((Q163*M163*N163*O163)/E163,0)) -> #VALUE!
... E168: =IF(G168*H168=0,"",ROUND(G168*H168,2)) | J168: =IFERROR(VLOOKUP(D168,NBR!$C:$E,3,0),"") | K168: =IF(E168*F168*I168=0,"",(4*E168)/((F168)*I168)) -> #VALUE! | M168: =IFERROR(VLOOKUP(L168,#REF!,2,0),"") | P168: =IF(AND(E168<>"",J168<>"",M168<>"",N168<>"",O168<>"",N168<>0,O168<>0), ROUNDUP((E168*J168)/(M168*N168*O168),0), "") | R168: =IFERROR(VLOOKUP(L168,#REF!,4,0),"") | S168: =IF(AND(Q168<>"",R168<>""),Q168*R168,"") | T168: =IF(E168*J168=0,"—",IF((Q168*M168*N168*O168)/E168<J168*0.9,"INSUFICIENTE -"&TEXT(ABS(((Q168*M168*N168*O168)/E168-J168)/J168)*100,"0")&"%",IF((Q168*M168*N168*O168)/E168>J168*1.31,"ACIMA +"&TEXT((((Q168*M168*N168*O168)/E168-J168)/J168)*100,"0")&"%","OK "&IF((Q168*M168*N168*O168)/E168>=J168,"+","")&TEXT((((Q168*M168*N168*O168)/E168-J168)/J168)*100,"0")&"%"))) -> #VALUE! | U168: =IF(E168*J168*M168=0,"",IF((Q168*M168*N168*O168)/E168<IF(IFERROR(VLOOKUP(D168,NBR!$C:$D,2,0),J168)=IFERROR(VLOOKUP(D168,NBR!$C:$F,4,0),J168),J168*0.9,IFERROR(VLOOKUP(D168,NBR!$C:$D,2,0),J168*0.9)),"COLOCAR +"&TEXT(ROUNDUP((E168*J168)/(M168*N168*O168),0)-Q168,"0")&" luminaria(s)",IF((Q168*M168*N168*O168)/E168>IF(IFERROR(VLOOKUP(D168,NBR!$C:$F,4,0),J168)=IFERROR(VLOOKUP(D168,NBR!$C:$D,2,0),J168),J168*1.2,IFERROR(VLOOKUP(D168,NBR!$C:$F,4,0),J168*1.2)),IF(Q168=1,"Reduzir potencia luminaria","RETIRAR -"&TEXT(Q168-ROUNDUP((E168*IF(IFERROR(VLOOKUP(D168,NBR!$C:$F,4,0),J168)=J168,J168*1.2,IFERROR(VLOOKUP(D168,NBR!$C:$F,4,0),J168*1.2)))/(M168*N168*O168),0),"0")&" luminaria(s)"),"OK"))) -> #VALUE! | V168: =IF(E168*M168=0,"",ROUND((Q168*M168*N168*O168)/E168,0)) -> #VALUE!
K169: =IF(E169*F169*I169=0,"",(4*E169)/((F169)*I169)) | P169: =IF(AND(E169<>"",J169<>"",M169<>"",N169<>"",O169<>"",N169<>0,O169<>0), ROUNDUP((E169*J169)/(M169*N169*O169),0), "") | S169: =IF(AND(Q169<>"",R169<>""),Q169*R169,"") | T169: =IF(E169*J169=0,"—",IF((Q169*M169*N169*O169)/E169<J169*0.9,"INSUFICIENTE -"&TEXT(ABS(((Q169*M169*N169*O169)/E169-J169)/J169)*100,"0")&"%",IF((Q169*M169*N169*O169)/E169>J169*1.31,"ACIMA +"&TEXT((((Q169*M169*N169*O169)/E169-J169)/J169)*100,"0")&"%","OK "&IF((Q169*M169*N169*O169)/E169>=J169,"+","")&TEXT((((Q169*M169*N169*O169)/E169-J169)/J169)*100,"0")&"%"))) -> — | U169: =IF(E169*J169*M169=0,"",IF((Q169*M169*N169*O169)/E169<IF(IFERROR(VLOOKUP(D169,NBR!$C:$D,2,0),J169)=IFERROR(VLOOKUP(D169,NBR!$C:$F,4,0),J169),J169*0.9,IFERROR(VLOOKUP(D169,NBR!$C:$D,2,0),J169*0.9)),"COLOCAR +"&TEXT(ROUNDUP((E169*J169)/(M169*N169*O169),0)-Q169,"0")&" luminaria(s)",IF((Q169*M169*N169*O169)/E169>IF(IFERROR(VLOOKUP(D169,NBR!$C:$F,4,0),J169)=IFERROR(VLOOKUP(D169,NBR!$C:$D,2,0),J169),J169*1.2,IFERROR(VLOOKUP(D169,NBR!$C:$F,4,0),J169*1.2)),IF(Q169=1,"Reduzir potencia luminaria","RETIRAR -"&TEXT(Q169-ROUNDUP((E169*IF(IFERROR(VLOOKUP(D169,NBR!$C:$F,4,0),J169)=J169,J169*1.2,IFERROR(VLOOKUP(D169,NBR!$C:$F,4,0),J169*1.2)))/(M169*N169*O169),0),"0")&" luminaria(s)"),"OK")))
T170: =IF(E170*J170=0,"—",IF((Q170*M170*N170*O170)/E170<J170*0.9,"INSUFICIENTE -"&TEXT(ABS(((Q170*M170*N170*O170)/E170-J170)/J170)*100,"0")&"%",IF((Q170*M170*N170*O170)/E170>J170*1.3,"ACIMA +"&TEXT((((Q170*M170*N170*O170)/E170-J170)/J170)*100,"0")&"%","OK "&IF((Q170*M170*N170*O170)/E170>=J170,"+","")&TEXT((((Q170*M170*N170*O170)/E170-J170)/J170)*100,"0")&"%"))) -> —
T171: =IF(E171*J171=0,"—",IF((Q171*M171*N171*O171)/E171<J171*0.9,"INSUFICIENTE -"&TEXT(ABS(((Q171*M171*N171*O171)/E171-J171)/J171)*100,"0")&"%",IF((Q171*M171*N171*O171)/E171>J171*1.3,"ACIMA +"&TEXT((((Q171*M171*N171*O171)/E171-J171)/J171)*100,"0")&"%","OK "&IF((Q171*M171*N171*O171)/E171>=J171,"+","")&TEXT((((Q171*M171*N171*O171)/E171-J171)/J171)*100,"0")&"%"))) -> —

Sheet LAMPADAS
A1: LUMINARIAS DO PROJETO — Adicione novas linhas na tabela para incluir luminarias
A2: DESCRICAO | B2: FLUXO (lm) | C2: TIPO | D2: POTENCIA (W) | E2: EFICACIA (lm/W)
A3: Tubular fluorescente T5 14W | B3: 1200 | C3: Fluorescente | D3: 14 | E3: 85.7
A4: Tubular fluorescente T5 28W | B4: 2600 | C4: Fluorescente | D4: 28 | E4: 92.9
A5: Vapor metalico 35W | B5: 3700 | C5: Vapor metalico | D5: 35 | E5: 105.7
A6: Vapor metalico 70W | B6: 5700 | C6: Vapor metalico | D6: 70 | E6: 81.4
A7: Vapor metalico 150W | B7: 12900 | C7: Vapor metalico | D7: 150 | E7: 86
A8: Vapor metalico 250W | B8: 17000 | C8: Vapor metalico | D8: 250 | E8: 68
A9: Vapor metalico 400W | B9: 32000 | C9: Vapor metalico | D9: 400 | E9: 80
A10: Placa LED 10W | B10: 700 | C10: Placa LED embutir | D10: 10 | E10: 70
A11: Placa LED 14W | B11: 1000 | C11: Placa LED embutir | D11: 14 | E11: 71.4
A12: Placa LED 20W | B12: 1700 | C12: Placa LED embutir | D12: 20 | E12: 85
A13: Placa LED 32W | B13: 2800 | C13: Placa LED embutir | D13: 32 | E13: 87.5
A14: Placa LED 40W | B14: 3900 | C14: Placa LED embutir | D14: 40 | E14: 97.5
... A36: Luminaria Publica 250W (Philips BGP323) | B36: 27775 | C36: Iluminacao publica | D36: 250 | E36: 111.1

Sheet NBR
A1: TABELA NBR — ILUMINANCIA DE AMBIENTES (NBR 8995-1:2013 + NBR 5413:1992)
A2: Referencia para dropdown da aba AMBIENTES. Azul=8995-1 (Em unico). Verde=5413 (min/MED/max).
A3: NORMA | B3: GRUPO | C3: ATIVIDADE / AMBIENTE | D3: Em MIN | E3: Em MED | F3: Em MAX
A4: NBR 8995-1:2013 — Iluminancia Mantida (Em unico)
A5: 1. Areas gerais
A6: NBR 8995-1 | B6: 1. Areas gerais | C6: Saguao de entrada | D6: 100 | E6: 100 | F6: 100
A7: NBR 8995-1 | B7: 1. Areas gerais | C7: Sala de espera | D7: 200 | E7: 200 | F7: 200
A8: NBR 8995-1 | B8: 1. Areas gerais | C8: Circulacao e corredores | D8: 100 | E8: 100 | F8: 100
A9: NBR 8995-1 | B9: 1. Areas gerais | C9: Escadas e escadas rolantes | D9: 150 | E9: 150 | F9: 150
A10: NBR 8995-1 | B10: 1. Areas gerais | C10: Rampas de carregamento | D10: 150 | E10: 150 | F10: 150
A11: NBR 8995-1 | B11: 1. Areas gerais | C11: Refeitorio / Cantinas | D11: 200 | E11: 200 | F11: 200
A12: NBR 8995-1 | B12: 1. Areas gerais | C12: Salas de descanso | D12: 100 | E12: 100 | F12: 100
A13: NBR 8995-1 | B13: 1. Areas gerais | C13: Salas para exercicios fisicos | D13: 300 | E13: 300 | F13: 300
A14: NBR 8995-1 | B14: 1. Areas gerais | C14: Vestiarios, banheiros, toaletes | D14: 200 | E14: 200 | F14: 200
A15: NBR 8995-1 | B15: 1. Areas gerais | C15: Enfermaria | D15: 500 | E15: 500 | F15: 500
A16: NBR 8995-1 | B16: 1. Areas gerais | C16: Salas para atendimento medico | D16: 500 | E16: 500 | F16: 500
A17: NBR 8995-1 | B17: 1. Areas gerais | C17: Deposito, estoques, camara fria | D17: 100 | E17: 100 | F17: 100
... A19: NBR 8995-1 | B19: 1. Areas gerais | C19: Estacao de controle | D19: 150 | E19: 150 | F19: 150
A20: 22. Escritorios
A21: NBR 8995-1 | B21: 22. Escritorios | C21: Arquivamento, copia, circulacao | D21: 300 | E21: 300 | F21: 300
A22: NBR 8995-1 | B22: 22. Escritorios | C22: Escrever, teclar, ler, processar dados | D22: 500 | E22: 500 | F22: 500
A23: NBR 8995-1 | B23: 22. Escritorios | C23: Desenho tecnico | D23: 750 | E23: 750 | F23: 750
A24: NBR 8995-1 | B24: 22. Escritorios | C24: Estacoes CAD | D24: 500 | E24: 500 | F24: 500
A25: NBR 8995-1 | B25: 22. Escritorios | C25: Salas de reuniao e conferencia | D25: 500 | E25: 500 | F25: 500
A26: NBR 8995-1 | B26: 22. Escritorios | C26: Recepcao escritorio | D26: 300 | E26: 300 | F26: 300
A27: NBR 8995-1 | B27: 22. Escritorios | C27: Arquivos escritorio | D27: 200 | E27: 200 | F27: 200
A28: 23. Varejo
A29: NBR 8995-1 | B29: 23. Varejo | C29: Area de vendas pequena | D29: 300 | E29: 300 | F29: 300
A30: NBR 8995-1 | B30: 23. Varejo | C30: Area de vendas grande | D30: 500 | E30: 500 | F30: 500
A31: NBR 8995-1 | B31: 23. Varejo | C31: Area da caixa registradora | D31: 500 | E31: 500 | F31: 500
A32: 24. Restaurantes/Hoteis
A33: NBR 8995-1 | B33: 24. Restaurantes/Hoteis | C33: Recepcao / caixa / portaria hotel | D33: 300 | E33: 300 | F33: 300
A34: NBR 8995-1 | B34: 24. Restaurantes/Hoteis | C34: Cozinha hotel | D34: 500 | E34: 500 | F34: 500
A35: NBR 8995-1 | B35: 24. Restaurantes/Hoteis | C35: Restaurante / sala de jantar | D35: 200 | E35: 200 | F35: 200
A36: NBR 8995-1 | B36: 24. Restaurantes/Hoteis | C36: Salas de conferencias hotel | D36: 500 | E36: 500 | F36: 500
A37: NBR 8995-1 | B37: 24. Restaurantes/Hoteis | C37: Corredores hotel | D37: 100 | E37: 100 | F37: 100
A38: 25. Entretenimento
A39: NBR 8995-1 | B39: 25. Entretenimento | C39: Teatros e salas de concerto | D39: 200 | E39: 200 | F39: 200
A40: NBR 8995-1 | B40: 25. Entretenimento | C40: Salas de ensaio / camarins | D40: 300 | E40: 300 | F40: 300
A41: NBR 8995-1 | B41: 25. Entretenimento | C41: Museus (geral) | D41: 300 | E41: 300 | F41: 300
A42: 26. Bibliotecas
A43: NBR 8995-1 | B43: 26. Bibliotecas | C43: Estantes biblioteca | D43: 200 | E43: 200 | F43: 200
A44: NBR 8995-1 | B44: 26. Bibliotecas | C44: Area de leitura biblioteca | D44: 500 | E44: 500 | F44: 500
A45: 27. Estacionamentos
A46: NBR 8995-1 | B46: 27. Estacionamentos | C46: Rampas entrada/saida (dia) | D46: 300 | E46: 300 | F46: 300
A47: NBR 8995-1 | B47: 27. Estacionamentos | C47: Rampas entrada/saida (noite) | D47: 75 | E47: 75 | F47: 75
A48: NBR 8995-1 | B48: 27. Estacionamentos | C48: Pistas de trafego | D48: 75 | E48: 75 | F48: 75
A49: NBR 8995-1 | B49: 27. Estacionamentos | C49: Vaga de estacionamento | D49: 75 | E49: 75 | F49: 75
A50: NBR 8995-1 | B50: 27. Estacionamentos | C50: Guiche estacionamento | D50: 300 | E50: 300 | F50: 300
A51: 28. Educacional
A52: NBR 8995-1 | B52: 28. Educacional | C52: Brinquedoteca / Bercario | D52: 300 | E52: 300 | F52: 300
A53: NBR 8995-1 | B53: 28. Educacional | C53: Salas de aula | D53: 300 | E53: 300 | F53: 300
A54: NBR 8995-1 | B54: 28. Educacional | C54: Sala de leitura escola | D54: 500 | E54: 500 | F54: 500
A55: NBR 8995-1 | B55: 28. Educacional | C55: Laboratorio escolar | D55: 500 | E55: 500 | F55: 500
A56: NBR 8995-1 | B56: 28. Educacional | C56: Sala de desenho tecnico escola | D56: 750 | E56: 750 | F56: 750
A57: NBR 8995-1 | B57: 28. Educacional | C57: Salas dos professores | D57: 300 | E57: 300 | F57: 300
A58: NBR 8995-1 | B58: 28. Educacional | C58: Salas de esportes / ginasios | D58: 300 | E58: 300 | F58: 300
A59: 29. Assist. Medica
A60: NBR 8995-1 | B60: 29. Assist. Medica | C60: Salas de espera medica | D60: 200 | E60: 200 | F60: 200
A61: NBR 8995-1 | B61: 29. Assist. Medica | C61: Corredores medicos (dia) | D61: 200 | E61: 200 | F61: 200
A62: NBR 8995-1 | B62: 29. Assist. Medica | C62: Escritorio dos funcionarios medicos | D62: 500 | E62: 500 | F62: 500
A63: NBR 8995-1 | B63: 29. Assist. Medica | C63: Enfermarias iluminacao geral | D63: 100 | E63: 100 | F63: 100
A64: NBR 8995-1 | B64: 29. Assist. Medica | C64: Exames e tratamento | D64: 1000 | E64: 1000 | F64: 1000
A65: NBR 8995-1 | B65: 29. Assist. Medica | C65: Sala de exames em geral | D65: 500 | E65: 500 | F65: 500
A66: NBR 8995-1 | B66: 29. Assist. Medica | C66: Sala de cirurgia | D66: 1000 | E66: 1000 | F66: 1000
A67: NBR 8995-1 | B67: 29. Assist. Medica | C67: UTI iluminacao geral | D67: 100 | E67: 100 | F67: 100
A68: NBR 8995-1 | B68: 29. Assist. Medica | C68: Salas pre-operatorias | D68: 500 | E68: 500 | F68: 500
A69: NBR 8995-1 | B69: 29. Assist. Medica | C69: Salas de esterilizacao | D69: 300 | E69: 300 | F69: 300
A70: 30. Aeroportos
A71: NBR 8995-1 | B71: 30. Aeroportos | C71: Saguoes embarque e desembarque | D71: 200 | E71: 200 | F71: 200
A72: NBR 8995-1 | B72: 30. Aeroportos | C72: Balcao de informacoes / check-in | D72: 500 | E72: 500 | F72: 500
A73: NBR 8995-1 | B73: 30. Aeroportos | C73: Alfandega / passaporte | D73: 500 | E73: 500 | F73: 500
A74: NBR 8995-1 | B74: 30. Aeroportos | C74: Salas de espera aeroporto | D74: 200 | E74: 200 | F74: 200
A75: 16. Subestacoes
A76: NBR 8995-1 | B76: 16. Subestacoes | C76: Sala de maquinas / subestacao | D76: 200 | E76: 200 | F76: 200
A77: NBR 8995-1 | B77: 16. Subestacoes | C77: Quadros de distribuicao eletrica | D77: 500 | E77: 500 | F77: 500
A79: NBR 5413:1992 — Iluminancia por Faixa (min / MED / max)
A80: 5.3.2 Auditorios
A81: NBR 5413 | B81: 5.3.2 Auditorios | C81: Tribuna auditorio | D81: 300 | E81: 500 | F81: 750
A82: NBR 5413 | B82: 5.3.2 Auditorios | C82: Plateia auditorio | D82: 100 | E82: 150 | F82: 200
A83: NBR 5413 | B83: 5.3.2 Auditorios | C83: Sala de espera auditorio | D83: 100 | E83: 150 | F83: 200
A84: NBR 5413 | B84: 5.3.2 Auditorios | C84: Bilheterias | D84: 300 | E84: 500 | F84: 750
A85: 5.3.3 Bancos
A86: NBR 5413 | B86: 5.3.3 Bancos | C86: Atendimento ao publico banco | D86: 300 | E86: 500 | F86: 750
A87: NBR 5413 | B87: 5.3.3 Bancos | C87: Salas de gerentes banco | D87: 300 | E87: 500 | F87: 750
A88: NBR 5413 | B88: 5.3.3 Bancos | C88: Salas de recepcao banco | D88: 100 | E88: 150 | F88: 200
A89: NBR 5413 | B89: 5.3.3 Bancos | C89: Salas de conferencias banco | D89: 150 | E89: 200 | F89: 300
A90: NBR 5413 | B90: 5.3.3 Bancos | C90: Guiches banco | D90: 300 | E90: 500 | F90: 750
A91: NBR 5413 | B91: 5.3.3 Bancos | C91: Arquivos banco | D91: 200 | E91: 300 | F91: 500
A92: NBR 5413 | B92: 5.3.3 Bancos | C92: Saguao banco | D92: 100 | E92: 150 | F92: 200
A93: 5.3.5 Bibliotecas
A94: NBR 5413 | B94: 5.3.5 Bibliotecas | C94: Sala de leitura 5413 | D94: 300 | E94: 500 | F94: 750
A95: NBR 5413 | B95: 5.3.5 Bibliotecas | C95: Recinto das estantes 5413 | D95: 200 | E95: 300 | F95: 500
A96: 5.3.10 Corredores
A97: NBR 5413 | B97: 5.3.10 Corredores | C97: Corredores e escadas 5413 | D97: 75 | E97: 100 | F97: 150
A98: 5.3.13 Escolas
A99: NBR 5413 | B99: 5.3.13 Escolas | C99: Salas de aulas 5413 | D99: 200 | E99: 300 | F99: 500
A100: NBR 5413 | B100: 5.3.13 Escolas | C100: Quadros negros | D100: 300 | E100: 500 | F100: 750
A101: NBR 5413 | B101: 5.3.13 Escolas | C101: Laboratorios geral 5413 | D101: 150 | E101: 200 | F101: 300
A102: NBR 5413 | B102: 5.3.13 Escolas | C102: Sala de desenho escola 5413 | D102: 300 | E102: 500 | F102: 750
...

Sheet CONSULTA
A1: CONSULTA RAPIDA — LUMINOTECNICO
A3: BLOCO 1 — FATOR DE MANUTENCAO (FM)
A4: TIPO DE AMBIENTE | B4: FM | C4: DESCRICAO
A5: Limpo | B5: 0.9 | C5: Manutencao regular, pouca poeira
A6: Medio | B6: 0.8 | C6: Manutencao periodica — uso geral
A7: Sujo | B7: 0.6 | C7: Manutencao irregular, ambientes industriais
A9: BLOCO 2 — FATOR DE UTILIZACAO (FU) — Estimativa por tipo de ambiente
A10: TIPO DE AMBIENTE | B10: FU ESTIMADO | C10: OBSERVACAO
A11: Escritorio / sala comum | B11: 0.8 | C11: Teto branco, paredes claras
A12: Corredor / circulacao | B12: 0.7 | C12: Paredes medias, teto branco
A13: Deposito / almoxarifado | B13: 0.6 | C13: Paredes e teto medios/escuros
A14: Galpao / area industrial | B14: 0.65 | C14: Po e sujeira reduzem reflexao
A15: Banheiro / lavatório | B15: 0.75 | C15: Azulejo reflete bem
A16: Sala de reuniao / auditorio | B16: 0.75 | C16: Teto e paredes medios
A17: Garagem / estacionamento | B17: 0.55 | C17: Teto baixo, concreto escuro
A19: BLOCO 3 — SELECAO DE ILUMINANCIA POR PESO (NBR 5413 item 5.2)
A20: Escolha um peso (-1, 0 ou +1) para cada fator. Some os tres pesos. Soma -2 ou -3 = usar Em MINIMA. Soma +2 ou +3 = usar Em MAXIMA. Demais = Em MEDIA.
A21: FATOR | B21: -1 (peso -1) | C21: 0 (peso 0) | D21: +1 (peso +1)
A22: Idade do observador | B22: Inferior a 40 anos | C22: 40 a 55 anos | D22: Superior a 55 anos
A23: Velocidade e precisao | B23: Sem importancia | C23: Importante | D23: Critica
A24: Refletancia do fundo | B24: Superior a 70% | C24: 30 a 70% | D24: Inferior a 30%
A26: CALCULADORA DE PESO
A27: Peso Fator 1 (Idade):
A28: Peso Fator 2 (Velocidade):
A29: Peso Fator 3 (Refletancia):
A30: SOMA DOS PESOS: | C30: =C27+C28+C29 -> 0
A31: ILUMINANCIA RECOMENDADA: | C31: =IF(C30<=-2,"MINIMA",IF(C30>=2,"MAXIMA","MEDIA")) -> MEDIA
A33: BLOCO 4 — TABELA DE CLASSES E ILUMINANCIAS NBR 5413 (Tabela 3.2)
A34: CLASSE | B34: ILUMINANCIA (lux) | C34: TIPO DE ATIVIDADE
A35: A | B35: 20 - 30 - 50 | C35: Areas publicas com arredores escuros
A36: A | B36: 50 - 75 - 100 | C36: Orientacao simples para permanencia curta
A37: A | B37: 100 - 150 - 200 | C37: Depositos, recintos nao usados continuamente
A38: A | B38: 200 - 300 - 500 | C38: Tarefas visuais limitadas, maquinaria grossa, auditorios
A39: B | B39: 500 - 750 - 1000 | C39: Tarefas normais: escritorios, trabalho medio de maquinaria
A40: B | B40: 1000 - 1500 - 2000 | C40: Tarefas especiais: gravacao, inspecao, industria de roupas
A41: C | B41: 2000 - 3000 - 5000 | C41: Tarefas exatas e prolongadas: eletronica
A42: C | B42: 5000 - 7500 - 10000 | C42: Tarefas muito exatas: montagem de microeletronica
A43: C | B43: 10000 - 15000 - 20000 | C43: Tarefas muito especiais: cirurgia

Sheet TUTORIAL
A1: TUTORIAL — COMO USAR ESTA PLANILHA
A3: ESTRUTURA DA PLANILHA | H3: LUM 00 — Exportar Ambientes
A4: Aba AMBIENTES | B4: Preencha os dados de cada ambiente do projeto aqui.
A5: Aba LAMPADAS | B5: Tabela de luminarias. Adicione novas linhas dentro da tabela formatada. | H5: Guia de uso
A6: Aba NBR | B6: Referencia de iluminancias por tipo de atividade (NBR 8995-1 e NBR 5413).
A7: Aba CONSULTA | B7: Calculos auxiliares: FM, FU e selecao de iluminancia por peso. | H7: O que este botão faz: Exporta os ambientes (Rooms) do modelo Revit para uma planilha Excel de cálculo luminotécnico, criando automaticamente os parâmetros LUM_* no projeto.
A9: PASSO A PASSO — PREENCHIMENTO DA ABA AMBIENTES
A10: 1. Col A — AMBIENTE | B10: Digite o nome do ambiente (ex: Gabinete do Prefeito).
A11: 2. Col B — ATIVIDADE NBR | B11: Clique na celula e use o DROPDOWN para selecionar a atividade da norma. | C11: → A Col G (Iluminancia) sera preenchida automaticamente! | H11: ANTES DE COMEÇAR
A12: 3. Col D e E — COMPRIMENTO / LARGURA | B12: Digite as dimensoes do ambiente em metros.
A13: 4. Col F — ALTURA LUMINARIA | B13: Digite a distancia do piso acabado ate a luminaria (em metros). | H13: Tenha em mãos:
A14: 5. Col I — LUMINARIA | B14: Use o DROPDOWN para selecionar a luminaria do projeto. | C14: → As colunas J (Fluxo) e O (Potencia) serao preenchidas automaticamente!
A15: 6. Col K — FU | B15: Fator de Utilizacao. Consulte a aba CONSULTA (Bloco 2) para estimar. Padrao: 0,80. | H15: O arquivo Excel de cálculo luminotécnico (ex: CALCULO_LUMINOTECNICO_RVT.xlsx)
A16: 7. Col L — FM | B16: Fator de Manutencao. Use o DROPDOWN: Limpo=0,9 | Medio=0,8 | Sujo=0,6. | H16: O arquivo .txt de parâmetros compartilhados do projeto — se não tiver, o botão cria um novo
A17: 8. Col N — N ADOTADO | B17: Digite a quantidade de luminarias que voce vai adotar no projeto. | C17: → Col M mostra o N calculado como referencia.
A18: 9. Col Q e R — TUG / TOM. ESPECIAIS | B18: Quantidade de tomadas de uso geral e potencia das tomadas especiais.
A19: 10. Colunas U, V, W — ANALISE | B19: Preenchidas automaticamente. Verifique o status OK / INSUFICIENTE / ACIMA.
H20: PASSO A PASSO
A21: COMO ADICIONAR NOVAS LUMINARIAS
A22: Aba LAMPADAS — adicionar luminaria | B22: 1. Va ate a aba LAMPADAS. | H22: Passo 1 — Abrir o botão Clique em LUM 00 na aba NnBim do Revit. A janela abre automaticamente com a lista de todos os ambientes do modelo.
B23: 2. Clique na ultima linha da tabela (dentro da area azul/branca).
B24: 3. Pressione Tab para criar uma nova linha automaticamente. | H24: Passo 2 — Selecionar os ambientes Na lista, marque os ambientes que devem ser exportados. Use o botão Selecionar todos para marcar tudo de uma vez. Ambientes sem área são ignorados automaticamente.
B25: 4. Preencha: Descricao, Fluxo (lm), Tipo, Potencia (W), Eficacia.
B26: 5. Volte a aba AMBIENTES — a nova luminaria ja aparece no dropdown da Col I! | C26: → A tabela e dinamica. Nao e necessario alterar nenhuma formula. | H26: Passo 3 — Parâmetros compartilhados O script verifica automaticamente se o projeto já tem um arquivo .txt de parâmetros compartilhados configurado.
A28: COMO ADICIONAR NOVAS ATIVIDADES NA NBR | H28: Se já tiver: o script usa o arquivo existente e adiciona os parâmetros LUM_* se ainda não existirem. Nenhuma ação necessária.
B29: 1. Va ate a aba NBR. | H29: Se não tiver: uma janela será aberta pedindo para você localizar ou criar o arquivo .txt. Escolha um local de fácil acesso na pasta do projeto e salve com o nome NnBim_SharedParameters.txt.
B30: 2. Role ate o final da tabela e adicione uma nova linha.
B31: 3. Preencha: Norma, Grupo, Atividade, Em MIN, Em MED, Em MAX. | H31: Passo 4 — Selecionar o arquivo Excel Clique em Selecionar arquivo de cálculo xlsx. Navegue até o arquivo CALCULO_LUMINOTECNICO_RVT.xlsx e clique em Abrir. O caminho do arquivo aparecerá na janela.
B32: 4. O dropdown da Col B na aba AMBIENTES usa a aba _LISTAS. | C32: → Para a nova atividade aparecer no dropdown, cole seu nome na aba _LISTAS coluna A.
H33: Passo 5 — Selecionar a aba No dropdown Gravar dados na aba, escolha em qual aba do Excel os dados serão inseridos. Exemplo: DELEGACIA, UOP, PAVIMENTO 01.
A34: LEGENDA DAS COLUNAS AUTOMATICAS
A35: Col G — ILUMINANCIA (lux) | B35: Valor Em da norma para a atividade selecionada. | H35: Passo 6 — Exportar Clique em Exportar. Uma janela Salvar como será aberta. Escolha a pasta de destino e dê um nome ao arquivo. Exemplo: LUM_DELEGACIA_2026-06.xlsx. Clique em Salvar.
A36: Col H — INDICE K | B36: K = (Comp x Larg) / ((Comp + Larg) x AltLuminaria)
A37: Col J — FLUXO LUMINOSO (lm) | B37: Busca automatica na aba LAMPADAS pela luminaria escolhida. | H37: Passo 7 — Confirmação Uma mensagem informará quantos ambientes foram exportados. Exemplo: 21 ambientes exportados para LUM_DELEGACIA_2026-06.xlsx.
A38: Col M — N CALCULADO | B38: N = (Area x Em) / (Fluxo x FU x FM)
A39: Col O — POTENCIA (W) | B39: Busca automatica na aba LAMPADAS pela luminaria escolhida.
A40: Col U — ANALISE LUX | B40: OK: lux real dentro de ±10% do Em. INSUFICIENTE: abaixo de 90%. ACIMA: acima de 120%.
A41: Col W — LUX REAL | B41: Lux calculado com o N adotado: (N x Fluxo x FU x FM) / Area | H41: RESULTADO
H43: O arquivo Excel gerado terá:
H45: Colunas GUID e ID preenchidas automaticamente (não altere)
H46: Coluna AMBIENTE com o nome do Room
H47: Colunas AREA, PERIMETRO e ALTURA LUMINARIA com os dados do modelo
H48: Todas as fórmulas e dropdowns funcionando normalmente
H50: O que você preenche no Excel:
H52: Atividade NBR → dropdown
H53: Luminária → dropdown
H54: FU → digita
H55: FM → dropdown
H56: N Adotado → digita
H60: PRÓXIMO PASSO
H62: Após preencher o Excel, use o botão LUM 02 para importar os resultados de volta ao Revit.

Sheet _LISTAS
A1: Saguao de entrada | B1: Tubular fluorescente T5 14W
A2: Sala de espera | B2: Tubular fluorescente T5 28W
A3: Circulacao e corredores | B3: Vapor metalico 35W
A4: Escadas e escadas rolantes | B4: Vapor metalico 70W
A5: Rampas de carregamento | B5: Vapor metalico 150W
A6: Refeitorio / Cantinas | B6: Vapor metalico 250W
A7: Salas de descanso | B7: Vapor metalico 400W
A8: Salas para exercicios fisicos | B8: Placa LED 10W
A9: Vestiarios, banheiros, toaletes | B9: Placa LED 14W
A10: Enfermaria | B10: Placa LED 20W
A11: Salas para atendimento medico | B11: Placa LED 32W
A12: Deposito, estoques, camara fria | B12: Placa LED 40W
... A18: Estacoes CAD | B18: Luminaria Publica 250W (Philips BGP323)
A19: Salas de reuniao e conferencia
A20: Recepcao escritorio
A21: Arquivos escritorio
A22: Area de vendas pequena
A23: Area de vendas grande
A24: Area da caixa registradora
A25: Recepcao / caixa / portaria hotel
A26: Cozinha hotel
A27: Restaurante / sala de jantar
A28: Salas de conferencias hotel
A29: Corredores hotel
A30: Teatros e salas de concerto
... A110: Banheiros residencia
